problem_ordinal,example_idx,steps,our,weak,strong,our_power,weak_power,strong_power,speedup_vs_weak,speedup_vs_strong,power_vs_weak,power_vs_strong
0,0,4,5450.961363054785,6703.610599117896,5462.774883425269,3591.9597438241112,4685.782002429809,4174.454679782932,1.229803359927158,1.0021672361228888,1.3045196317933065,1.1621663318917594
1,1,11,8177.701212439209,10589.735488482396,7882.458422928101,5387.552114313163,7402.1101553675935,6283.638100862503,1.2949526050639035,0.9638966034780031,1.3739282698913176,1.1663252563569084
2,2,8,1933.1525015264406,2568.4604358406496,1956.6859672155274,1080.7906471828003,1795.2702576974134,1517.9648594856262,1.3286382909845769,1.0121736208966983,1.6610712374103003,1.4044948144604772
3,3,5,613.8944374734863,815.6907188530272,664.6537149942383,344.35316582943733,570.1155895102661,510.53120613098145,1.3287149533558957,1.0826840486283837,1.6556130336047263,1.4825802600108933
4,4,11,6591.427508005481,9392.072492529614,6384.400420664172,4470.105386556653,6564.943750010998,5279.678364731681,1.4248920254561956,0.9685914641267208,1.4686328805030726,1.1811082531990698
5,5,6,2260.0054884803953,3012.80884607063,2315.935289542407,1439.9329846412804,2105.8906917601703,1855.7502190454024,1.3330980218532176,1.0247476394845476,1.462492153608659,1.2887754074941977
6,6,10,1504.23225277146,2057.0699676787845,1571.0362007603517,871.5386294314717,1437.7874571562695,1225.4345902990685,1.3675215139741574,1.0444106605650885,1.649711680702182,1.4060588353937367
7,7,5,15225.770168779713,18580.436431096143,15225.770168779713,10398.867209631991,12987.672759405004,11767.304160833359,1.2203281820971619,1.0,1.2489507268036966,1.1315948096667536
8,8,11,1514.8432511849608,2136.09991512312,1589.746012473413,893.1227911409104,1493.0189518118607,1249.7278860833844,1.4101128373857768,1.0494458824237167,1.6716838564881087,1.3992789104473893
9,9,30,11937.047363404858,15939.663880240232,9867.265123492161,7288.4710079526885,11141.51159407191,8115.489857872207,1.3353104327210854,0.8266085258019515,1.5286486811726414,1.1134694573137673
10,10,5,1177.4353139616092,1689.4403030056394,1227.407915044983,742.7419986719145,1180.8665332425421,1028.1220946005726,1.4348476582729066,1.0424419078405551,1.589874458902326,1.384225069322782
11,11,14,12647.548899753587,11235.66254994292,8676.928856339282,6594.487794725706,7853.581665357303,6632.717062711716,0.8883668004764009,0.6860561619578586,1.190931261050877,1.0057971550143114
12,12,18,10583.880879672948,13376.526609942915,10271.043010255127,6872.566072638527,9350.004046857297,7974.524539522383,1.26385838635367,0.9704420455053829,1.3604822344425462,1.1603416329849543
13,13,11,1222.1263298085448,1829.4176980903565,1242.7049335530517,782.7789378212022,1278.6481007587593,1011.3518626994733,1.4969137424417887,1.0168383605218052,1.6334727966975786,1.2920018843563728
14,14,15,4479.80190896853,6838.90267127644,4317.788038038671,2876.4827841695055,4780.236244587035,3654.7929715327587,1.5266082764920939,0.9638345904077793,1.6618337752253152,1.2705770365276028
15,15,38,12979.605134644677,18814.92752257042,11404.484411593017,8299.138117748294,13151.237338067122,9582.789849488097,1.4495762642540118,0.8786464837171813,1.5846509783880172,1.1546728965739976
16,16,8,760.7800063596679,1099.801276537866,813.4818280815185,446.61662341117284,768.6775462695687,638.9972368881647,1.4456232647338023,1.069273405296268,1.721112708252003,1.4307511261171277
17,17,6,14826.795754139575,17959.5193405999,14826.795754139575,9765.955517739852,12553.641301962529,10775.105563402176,1.2112879706719966,1.0,1.285449363265975,1.103333467352908
18,18,9,4970.18077063125,6832.451275017555,4914.548586118921,3347.619875791397,4775.789407043669,4005.4743682127323,1.37468868645391,0.9888068086293643,1.426622371787252,1.1965140956351308
19,19,10,2736.2736857546383,3554.8612187619874,2779.465882263428,1768.0110954955705,2484.743548484228,2164.2263019528555,1.2991614242643241,1.0157850425319854,1.405389114816476,1.2241022171561804
20,20,10,679.812049948413,1030.0453073562012,726.1117870944091,409.63593251429836,719.8972461779846,580.6863723702778,1.5151913053532449,1.0681066732334468,1.7574074660866246,1.4175669815049952
21,21,15,21434.030097707582,27145.82309566973,21449.988546109984,14670.191775524723,18974.773597852338,16448.022804602082,1.266482456725347,1.0007445379300886,1.293423691264162,1.1211866249794658
22,22,9,11680.736449042986,15420.433541514769,11127.269560221574,7579.952030890411,10778.788912910826,8335.648623317553,1.3201593588543108,0.9526171238229796,1.4220128134036027,1.0996967512917586
23,23,11,2359.2231867497803,3105.042255697876,2408.944479935205,1311.0163780356936,2170.3096173888152,1847.5704684072987,1.3161290856824719,1.0210752816709656,1.655440506884138,1.4092657417259182
24,24,19,3799.239603630005,5612.153351638427,3881.913710884033,2415.087994476853,3922.696760411261,3005.1088102905583,1.4771780506489411,1.0217606984237153,1.624245894717795,1.2443061359101797
25,25,10,17845.768401425063,23784.51573325862,17870.61840588063,12488.513115012582,16625.271935936576,14270.996652960777,1.332781822460462,1.001392487221429,1.3312451036265598,1.1427298447407204
26,26,7,16689.679529480763,19564.321098715063,16092.205125424975,10862.172734871234,13675.38721724823,11766.890220165253,1.1722406691007166,0.9642009660520799,1.258991874926241,1.0832906553206958
27,27,8,2958.3505363104496,3854.8330014312255,2968.7436837530763,1916.7411382320765,2694.4446977492257,2334.2627408032217,1.3030345640644863,1.0035131561710022,1.4057426138588913,1.2178288941803848
28,28,4,956.4447890277099,1168.7775823111574,1013.8990264239502,516.2842453164673,816.9337345394989,762.1682403087616,1.2220021434789747,1.0600706261933284,1.5823332630240192,1.4762570177627143
29,29,5,2594.30132152439,3283.6572065835203,2613.1457436832034,1630.3570580697358,2295.224134923481,2036.5645968190613,1.2657192822359087,1.0072637754151628,1.4078045809430946,1.249152501127732
30,30,14,1562.1896614138668,2370.411281735278,1617.97491329375,935.6412377793794,1656.7712717841594,1303.0535369983118,1.517364594251588,1.0357096537365345,1.7707334872459093,1.3926850211208486
31,31,5,2788.4882939088134,4962.337416068236,2847.2605017762453,2059.7028824917907,3468.6215549996978,2727.884259223938,1.779579791282606,1.021076727485575,1.684039763445601,1.3244066813771673
32,32,7,2579.879823363965,3304.6109092811525,2607.8626622708252,1646.3057941937348,2309.849897981125,2038.4245369434357,1.280916606794573,1.0108465668258813,1.4030503361693845,1.2381809892989766
33,33,12,8734.723516964588,10922.450543103905,8769.18774575487,5713.887892282193,7634.667562351231,6690.772628903389,1.250463225526293,1.0039456576643033,1.3361598453241363,1.1709667314160441
34,34,23,4649.777027584497,6423.874730649927,4619.10557357754,2912.4851073185564,4490.048219701898,3645.659552895426,1.3815446832268972,0.9934036720847041,1.54165534045795,1.251735002432985
35,35,13,3564.8361637059083,5001.788880189599,3589.3252024540775,2372.0316830788734,3496.11464294213,2905.505420898283,1.4030908155369117,1.0068696112874682,1.4738903649061754,1.2249016071855188
36,36,36,12730.780708641976,17727.933334410274,12209.395871657747,8312.588935703381,12391.449353344782,9834.468622090078,1.3925252300022815,0.9590453367380447,1.4906847252030349,1.1830813117499501
37,37,5,4318.371480399976,5691.424027983765,4362.118187489209,2933.28530460568,3978.2531426646515,3482.283441066742,1.3179560984541827,1.010130371434646,1.3562448686522999,1.1871615200877514
38,38,5,1009.6003548934814,1319.980905165381,1109.2176094558595,553.0774995895385,922.6144154050013,839.6173539161682,1.307429121599949,1.0986699876634733,1.668146717394418,1.5180826458123546
39,39,29,19808.510332706253,25269.934012896905,19107.26155854562,13027.19849825884,17663.380898419724,14467.17661012229,1.275710974144945,0.9645986112846261,1.3558848359285027,1.110536283918289
40,40,6,2687.0897786034907,3707.620362235937,2714.1980039239256,1815.1425057150848,2591.5639531133197,2196.918508379832,1.3797902815747478,1.0100883214012013,1.4277468270142017,1.2103283910010936
41,41,14,6511.997681995863,9239.43838745447,6428.958623548597,4364.603534264133,6458.221141286674,5364.597592459013,1.4188331812524038,0.9872482972964118,1.4796810502000206,1.2291145233111025
42,42,5,1704.7845339423827,1999.1349419853516,1756.87375109021,920.9568294952248,1397.3430666797608,1314.09304825071,1.172661355251899,1.030554721790776,1.5172731467181177,1.4268780100919198
43,43,14,24876.555203392774,31942.67567856807,24215.789495821362,16925.246883445212,22327.78392550788,19227.687617042287,1.2840473858780732,0.9734382151319209,1.319199895828223,1.1360358728857964
44,44,9,3540.465635078833,4572.208519240772,3579.401387026709,2229.438307569352,3195.879730360499,2775.343636197561,1.2914144608379925,1.010997353444728,1.433490991659155,1.2448622717097666
45,45,3,6527.149298661987,8345.442247410083,6585.024805778687,4437.861365275092,5833.432735214848,5248.91947388649,1.278573825348354,1.0088668888160048,1.3144693479746068,1.1827587754222517
46,46,12,11580.420453063207,15174.177866472339,11663.332625746923,7569.2231781762375,10606.624881763366,9009.645946025848,1.3103304778937042,1.0071596858697636,1.401283147832744,1.1902999467637143
47,47,11,3102.0296102768557,4323.390264373511,3145.4481088913576,1927.7091912254318,3021.934878515484,2509.1471869000707,1.3937295279356308,1.0139968034059568,1.567630061770085,1.3016212187612295
48,48,11,3448.648410232007,5181.954550804566,3510.2811567407957,2352.2180972937904,3622.0713304603923,2925.6988871636736,1.5026044798970828,1.017871565662051,1.5398535257540782,1.2438042588523865
49,49,7,1749.9106046202394,2185.8754286470457,1830.7520433592529,959.9124218606282,1527.8537846290853,1385.2592654641537,1.2491354831931076,1.0461974677595358,1.5916595616791775,1.443110052455684
50,50,29,15207.746356840013,20486.622957062023,13583.969819674834,9705.857190693276,14319.846416242337,11078.820018086348,1.3471176120614166,0.8932270108230171,1.4753819405022062,1.1414571428796185
51,51,10,9349.930256240845,12294.971407263696,9389.158487319946,6321.348927103253,8594.080523614924,7391.25008225441,1.3149800127179676,1.0041955640313913,1.3595326919492081,1.1692520326735765
52,52,7,1088.296272136035,1446.6267936716308,1166.5917733418214,609.0361083263591,1011.1190098004697,895.9019226208649,1.3292582458564235,1.0719431860701987,1.6601955056146684,1.4710161029414455
53,53,11,4730.82502576482,6533.601765400147,4776.989409709521,3094.1668976173855,4566.872720238701,3796.846444129944,1.3810702636045766,1.0097582099725275,1.4759619863283229,1.2270981397459995
54,54,4,673.4440694672852,857.8539475561766,729.0128974740722,369.70388983140845,599.5981240073678,552.4759883880615,1.2738310224259088,1.0825143921019955,1.621833419931814,1.4943742913822204
55,55,33,4795.960625711644,7350.128303491528,4823.0430233587385,3010.2564576812165,5137.395047073383,3856.2272224947214,1.5325664402010986,1.0056469182632366,1.7066303550198805,1.2810294659961137
56,56,11,1829.5542975773315,2757.508440847534,1884.1410035770873,1164.8697947851792,1927.383500296427,1594.456367195655,1.507202297575418,1.029836067763629,1.65459136199155,1.3687850559209482
57,57,5,1599.3098951452637,1985.6287446978272,1699.4918547277832,877.7148744191411,1387.9022388125811,1279.7569255245887,1.2415534667328965,1.0626407426644604,1.58126776617643,1.4580554150589202
58,58,5,1195.245979353711,1548.3078490693115,1229.1075472499756,774.9453626412093,1082.2149652018486,966.2969706058502,1.2953884604627635,1.0283302085772956,1.3965048600502454,1.2469227086055028
59,59,8,3263.385103309277,4210.74644768125,3298.1161129589354,2072.9460658050616,2943.228188743594,2564.9971060834096,1.2903001988368732,1.0106426328950386,1.419828637751144,1.2373679896429202
60,60,20,19770.76011822373,25731.323160548825,17578.705793494824,13226.74314204907,17985.985819871636,14391.56659957227,1.3014837571586808,0.8891264518095905,1.3598196945922751,1.088065780442966
61,61,13,2002.4191804981936,2845.6580414791506,2042.5980631458985,1217.9827304141734,1988.9791950355263,1614.747078824934,1.4211100598682653,1.0200651706890407,1.6330109987349137,1.32575531532852
62,62,18,12069.076447733913,15471.634662169485,11502.147328496167,7852.513234347235,10814.484571883668,9003.184948598295,1.281923660784702,0.9530263047306994,1.377200426047121,1.1465354695892738
63,63,8,13138.793791482934,16237.972499684594,13124.512203705224,8672.052319210388,11350.25914355313,9818.56678387548,1.235880002181834,0.9989130213926511,1.3088319495501612,1.1322079736679316
64,64,9,16517.09411450288,20034.795825370995,16239.926507932447,10994.991400405344,14004.228183151925,12542.064420623863,1.2129734011613693,0.983219348109964,1.2736915994891675,1.1407070695991162
65,65,4,819.7181456801269,1027.9766021997802,889.584007801709,440.3711661026001,718.5138541744464,666.5481519699097,1.2540610545431559,1.0852315670816508,1.6316096726619995,1.5136053476639604
66,66,16,1723.2578247559568,2562.927891312866,1791.5395198546871,1063.5415710150519,1791.3195073076934,1429.466026005194,1.4872573647972966,1.0396236094900078,1.6842966519851639,1.3440622021393118
67,67,13,2158.807333967249,3391.5398128786132,2209.298485568811,1428.7949219541692,2370.55054920695,1877.0534065253842,1.571024778133381,1.0233884473186285,1.6591258218952356,1.3137318573040069
68,68,64,22585.156925955125,30641.874678026576,22406.6303227238,14879.83148571702,21418.00197434703,17533.389787138432,1.3567262241517826,0.9920954012488546,1.4393981541327214,1.178332550605061
69,69,6,4642.04458686494,7414.677223805323,4677.557419732373,3296.464976767395,5182.796640329521,4130.86400270462,1.597286946529075,1.0076502567355599,1.5722286379065114,1.253119335960748
70,70,10,2873.8718760062743,4025.030694963379,3022.0426850303224,1734.7393013749877,2813.3919826994006,2356.526777744293,1.4005602436796287,1.051557903558998,1.6217952636857031,1.3584328065182272
71,71,12,7165.981650325243,9542.281803508984,7129.594817846777,4660.706498150512,6669.929582889582,5680.77576454422,1.3316084619161546,0.9949222822142149,1.4310983936740882,1.2188658021693701
72,72,13,1070.8075177926025,1730.5482449960207,1139.428348042334,657.2664232589518,1209.5174671994184,926.1153122464233,1.6161151432364138,1.0640832540951792,1.8402240315308014,1.4090409603679839
73,73,8,1661.6512227198243,2230.21140371626,1725.9065299250244,948.538666792494,1558.834195378466,1343.6696048985991,1.3421657765615849,1.0386695513033268,1.643406062348202,1.4165680872475654
74,74,10,4154.060379634521,5632.246906729615,4153.407935573242,2636.489983846775,3936.8360987160004,3307.7449847042867,1.3558413677234866,0.9998429382335225,1.4932110961301486,1.254601764076538
75,75,8,4207.809703656042,5061.862313682593,4238.989763180579,2703.065270230361,3538.158192302533,3186.7075487360935,1.2029684491873502,1.007410045063931,1.3089429364763372,1.1789236404433976
76,76,6,3656.245946347217,5312.0175583228765,3685.061092590503,2540.9693308173587,3713.0375692356906,3110.609395548305,1.4528611139056067,1.0078810743768685,1.4612681562910916,1.2241821881996935
77,77,9,778.6708433618896,1176.7140813997803,826.1371014602295,461.4419395691052,822.4291557544464,658.9587139057819,1.511182923350963,1.0609580524338187,1.782302572068831,1.4280425279963023
78,78,10,6518.843641608556,8058.443707512987,6473.463274053747,4163.805372734633,5632.747664690778,4965.344268255211,1.236176866718731,0.9930385862815984,1.35278841359278,1.1925015277537232
79,79,6,1098.3720117432863,1443.464499920361,1200.074619217041,605.7242638901062,1008.9190049371326,912.5878214836121,1.3141854348868192,1.0925939539485687,1.6656407297564957,1.5066060184261973
80,80,20,3679.748085714649,4964.127879861182,3642.7621293608886,2190.092351064482,3469.716494341365,2829.6136681887265,1.3490401419414264,0.9899487803262007,1.58427862307036,1.2920065525151982
81,81,10,2518.744077494019,3535.287887073486,2571.3392738563234,1571.4201920212274,2471.061769032368,2059.731245344272,1.4035915433658745,1.020881516638496,1.5725022381531086,1.3107450545706416
82,82,9,7162.681243957202,9755.910129638525,7186.741774636524,4901.77000432345,6819.287139463729,5778.8558349609375,1.3620472274777131,1.003359151393149,1.3911887202885884,1.1789324733440945
83,83,11,3637.531856896289,5201.08664088457,3698.2248638710817,2290.5443221930573,3635.444628157514,2988.3507581949234,1.429839475089128,1.0166852166145917,1.5871531464961117,1.3046465546380517
84,84,7,8582.498746688208,10484.865660662255,8422.516237413916,5643.22765985457,7328.8479183885165,6553.611648488715,1.2216565326861395,0.981359448571312,1.2986979012959732,1.1613232787169898
85,85,9,3025.355105029199,4006.985466248853,3077.388991937158,1950.9180481609346,2800.788829264747,2411.116756709432,1.3244678152286455,1.017199265904839,1.4356260796833353,1.2358882829457196
86,86,5,628.7402012203369,858.0352906129394,690.5330956813965,355.77108796298216,599.7144448920448,532.5361504554749,1.364689722317037,1.0982804890495699,1.6856750455069154,1.4968505549582067
87,87,11,2675.565595485693,3593.0796650914554,2672.2790350457767,1501.5357939605549,2511.4477558365274,2080.780547813718,1.3429234069812468,0.9987716389964569,1.6725860055671127,1.3857681955921324
88,88,19,14892.072063960424,16503.073449746465,11526.681428105323,8800.917953982036,11535.449712716774,9188.190955638885,1.1081784575623124,0.7740146151992161,1.310709834250583,1.0440037054863833
89,89,16,13451.018245839423,16814.751823805833,12394.717195502448,8857.207594482454,11753.34434786747,9385.935449899258,1.2500727838211696,0.9214705510741759,1.3269807919133734,1.0596946441388788
90,90,5,1743.4925571051026,2189.901122919043,1783.0593585968018,1097.2880948086,1530.6886538788108,1374.9562046527863,1.2560427138015189,1.0226939893321918,1.3949742653006811,1.2530494144225814
91,91,4,741.1423102179443,913.6307804440917,783.3432033606446,410.7120761638562,638.5861304744203,593.5117667828614,1.2327332657279064,1.056940337315637,1.5548267692514899,1.4450799020238112
92,92,11,4113.654122481848,5399.26767322832,4219.278036834265,2605.218921441176,3773.9731906457955,3262.37060049335,1.3125234918804587,1.0256764208189413,1.448620367212011,1.2522443214440673
93,93,7,2321.390506540674,2826.747053457837,2325.3306448890626,1255.4992521282604,1975.8230329718285,1757.7641384446545,1.2176956205745164,1.001697318196696,1.5737349342283644,1.400051919955332
94,94,14,27212.553134180096,37171.53136926186,26503.619462285475,18674.345920736298,25982.754039243628,20550.374922037125,1.365970006047425,0.9739482852491275,1.3913608620900588,1.1004602254485205
95,95,17,3664.4985809148443,5042.39476094297,3671.6243152911866,2176.9814243560254,3524.456361433534,2865.0338934281563,1.3760122018342091,1.0019445318967932,1.618964829925504,1.316058034016374
96,96,22,24605.998658011962,32178.351092880177,22595.832334060207,16456.04122269679,22492.437475846455,18226.191649204768,1.3077441619059254,0.9183058427381803,1.3668194659614756,1.1075684244195088
97,97,6,5031.632234621411,6659.286991787573,5040.318189974194,3465.798449515976,4654.778920905913,4034.1470210552216,1.3234844442657543,1.001726269915559,1.3430610546773103,1.1639877736163855
98,98,5,873.0688034978759,1129.579801494873,956.1759898748292,480.3077487951965,789.524048532916,725.030965089798,1.2938038754440744,1.0951897330931897,1.643787864162836,1.5095133628563455
99,99,50,18730.474869289283,25931.587782183135,18412.618998675345,12270.572745784675,18125.657592203617,14531.3316840409,1.3844597087445383,0.9830300153716285,1.4771647556900183,1.1842423320486704
100,100,27,31567.707970204327,41246.6242713263,28125.755997337565,20645.022251812265,28831.108095897045,21504.053846271505,1.3066081424174847,0.890966047452178,1.3965162034817467,1.0416096230840262
101,101,21,5127.505565518566,7593.37361963589,5049.487406889171,3419.4663035565163,5307.548815447088,4225.633201537108,1.4809098737405153,0.9847843834331353,1.5521570748999094,1.2357581056266336
102,102,5,1212.692822795459,1509.9028050918944,1323.0344746356689,650.0963142181396,1055.369815797634,989.0228340625763,1.2450826596065083,1.0909889543057194,1.6234053212052284,1.521348164005603
103,103,6,34809.105068741555,43712.65184621782,34622.61257647623,23476.86205434736,30555.08072920545,25693.483037352562,1.2557821225191916,0.9946424220933852,1.301497647278094,1.0944172597629902
104,104,25,28911.402754113515,32369.91120805505,24215.520797417958,19310.04250380212,22626.30670196648,19386.923645638384,1.1196243739314744,0.8375768205841404,1.171737798998184,1.0039814071782145
105,105,11,8806.08871428628,11400.104876840966,7452.850759342433,5820.808952929879,7968.558334305437,6057.918650505289,1.2945707506155788,0.8463292843338651,1.3689778171287512,1.040734835912466
106,106,5,1075.4101211668947,1370.7216192069336,1132.3906521697022,598.3600274456315,958.0821753552462,864.6742519387519,1.2746036067799003,1.0529849309405603,1.601180111320688,1.445073554846239
107,107,10,1566.7776030724854,2211.8038807342773,1683.2870536614746,903.7053314097443,1545.9464594588596,1311.661926431173,1.4116897486898468,1.0743624687770055,1.7106753780540884,1.451426566649809
108,108,3,28336.98296546936,31687.279049512792,28336.98296546936,18523.360617853377,22149.376640535847,20325.121466875076,1.118230514805546,1.0,1.1957536808513896,1.0972696524239294
109,109,48,17376.08341742994,25492.625590382773,17354.962967719737,11576.3916571508,17818.843881899968,13941.777522222868,1.4671099912429708,0.998784510340862,1.5392398952650477,1.2043284241865604
110,110,9,35213.12019710084,46003.551327342575,34893.57321786723,23437.551506189928,32156.38815138366,25755.62359070778,1.3064321216025079,0.9909253432401053,1.372002879349025,1.0989041915878304
111,111,5,1455.8995147331298,1808.5159133335449,1506.0290739463867,800.6524107357483,1264.100372055348,1147.4671568870544,1.2421983076662064,1.0344320186290095,1.5788379015729446,1.4331651806713548
112,112,14,3374.411428887964,4937.283498438843,3575.4310204017092,2119.221719398505,3451.0149344167507,2834.7911197829917,1.463153975881928,1.0595717492516883,1.6284350536933185,1.3376566943583355
113,113,12,3225.944011346143,4717.145251616601,3309.9817742855957,2162.4198084684817,3297.1591970096038,2697.6522631645203,1.4622526724040075,1.0260505956222052,1.5247544367181842,1.247515515997383
114,114,1,2254.058230734375,2254.058230734375,2254.058230734375,1133.5277128219604,1575.576188811328,1624.9769611358643,1.0,1.0,1.3899758876550719,1.4335573297016464
115,115,4,11433.404683016865,13377.283545604321,10816.921091293918,7398.899346971579,9350.679344974222,7688.554225564003,1.1700174984162754,0.9460804888119924,1.263793289579148,1.0391483739687555
116,116,6,980.1881249818605,1351.406050939087,1088.4507848970215,551.6966447165469,944.5701541104218,835.4541652645678,1.3787211010785265,1.1104508993282944,1.7121187216857683,1.514336136109385
117,117,7,1553.8816762141846,1937.6275275848632,1629.6111955745362,859.8762548861323,1354.32850860742,1235.5662156671685,1.2469595061482555,1.048735705246783,1.5750272215468546,1.4369116586790576
118,118,10,7105.952323191748,10589.084321587647,6974.816628872595,4775.332353152335,7401.665368877767,5989.544751763344,1.490171034081945,0.9815456551979438,1.549979105431628,1.2542676213540347
119,119,34,12993.118427907937,17673.38723235439,10863.152138674928,8059.598885923079,12353.342450657303,9038.5606665847,1.360211355758422,0.8360696624870245,1.532749039438388,1.1214653228427385
120,120,6,9991.583739839625,11296.088272215942,10008.065829585717,6564.700648670258,7895.903009382942,7423.715191645527,1.1305603362132515,1.0016495973186286,1.2027818832808976,1.130853574130493
121,121,12,1614.2850557869383,2362.811858890283,1720.5107999794434,942.8599243111516,1651.4801541019078,1354.0005665807412,1.4636893592119948,1.0658035851919112,1.7515646932480138,1.4360569705727675
122,122,10,1725.2599089117675,2521.610492446167,1798.0831879950197,1011.7449953942977,1762.5012764518706,1429.8036929867396,1.4615829646425327,1.0422100338082896,1.7420410127800907,1.4132055997267532
123,123,6,29310.601258277893,36018.18962692663,29310.601258277893,19910.151638934247,25176.65174844572,22124.324935412405,1.2288451304544419,1.0,1.264513309844052,1.1112082588134762
124,124,6,5801.747434477868,7175.407486376367,5856.998922286096,3656.4312017852926,5015.5470945626785,4496.494695770131,1.2367666065115643,1.0095232494058404,1.3717055833332192,1.229749569354585
125,125,3,996.1263552899659,1179.8638965027344,1098.603496732837,522.0535489074402,824.6935069066113,808.5229132175446,1.184452042892976,1.1028756451414645,1.5797105653865193,1.5487355940968714
126,126,13,29034.49501195784,37536.1599881343,29155.750590912918,20112.048331194826,26237.63988661947,22937.479089975357,1.2928125656284035,1.0041762592704002,1.3045732316545566,1.1404844853320157
127,127,7,1447.11532533833,1869.192317076709,1546.2352647884034,811.1221797823976,1306.4922996638195,1185.6504301301422,1.291667833480859,1.0684948446848213,1.610721950686044,1.4617408569054549
128,128,7,2172.2437803670286,3003.3112868901853,2232.158835425317,1414.7533090297577,2099.2414706994396,1782.488704919815,1.382584824978869,1.0275821045500544,1.4838215661351633,1.2599289880030402
129,129,12,2853.311711817285,4285.149070096581,2886.888994956323,1809.3858655963243,2995.193837591111,2403.4533138910415,1.5018159608532058,1.0117678285901868,1.6553648917799944,1.328325460914844
130,130,11,2914.341014353125,3974.2389658825437,2954.880927725928,1920.103977258551,2777.878149406298,2358.1050174901325,1.3636835724815397,1.0139104906300065,1.4467331885705705,1.2281131883581338
131,131,4,2339.2417393191895,2570.0122186625977,2365.659490762671,1213.1321400778168,1796.396702197155,1734.2831299739742,1.098651830404912,1.0112932968831045,1.4807922755075342,1.429591280849857
132,132,5,705.5341720756347,962.3231709906495,766.394077654248,396.38999835449215,672.611670213664,590.2288970947266,1.3639639426104033,1.0862607482208373,1.6968431923253178,1.4890105692497417
133,133,3,2438.8844265881103,3600.582060738355,2488.955829078345,1631.7798024796293,2516.77546723691,2165.4638793468475,1.476323363864932,1.0205304531630808,1.5423499319040805,1.327056430074842
134,134,19,6388.9143636162125,9495.270746582519,6301.169226691822,4300.71963330294,6636.99578537318,5234.904470343609,1.486210364730584,0.9862660333304694,1.5432291223959622,1.217215935167394
135,135,2,2096.58238786897,2138.8106396305907,2087.7151618252683,1067.7866848902893,1495.007686388183,1517.1783249378204,1.0201414702355402,0.9957706283831209,1.4000995775123277,1.4208627494673285
136,136,51,16430.467389522597,24829.249202663384,16328.803860830752,11255.473428241312,17355.112558616893,13459.895896091528,1.511171204934592,0.9938124992867413,1.5419264830807442,1.1958533758623657
137,137,13,1611.8931250562746,2460.8223222168945,1697.1166194789064,958.055134306811,1719.9790271320098,1358.933529625067,1.5266659333452905,1.0528716780894865,1.795281884665729,1.4184293585653673
138,138,14,7965.509229494824,11026.04003809956,7799.50016881062,5333.9740600769765,7707.055717916393,6317.4346250291765,1.3842228689249585,0.9791590147093795,1.4448993622974555,1.1843767055998782
139,139,29,8143.559004501148,11325.106454723973,8003.093914009668,5297.644130314434,7915.94651849846,6367.336622219179,1.3906826792148623,0.9827513878865689,1.4942390096007867,1.2019185255921023
140,140,9,3479.92628546167,4644.832479365161,3522.9165424135745,2247.0256844369214,3246.643879879449,2801.916767282058,1.334750249960811,1.0123537837946475,1.4448628257193332,1.2469446996927345
141,141,9,9141.08762838938,11376.563582122924,9205.634592609045,6079.335282349867,7952.123892031925,7096.485839416754,1.2445525132907436,1.0070611908389548,1.3080581219330547,1.1673127915843002
142,142,6,2906.921321051025,3890.433109770801,2976.4153957366943,1858.5651689496765,2719.3500537569894,2339.2776238918304,1.338334505855899,1.02390641748107,1.4631448491492847,1.2586470805399936
143,143,17,4540.4522176694345,6211.307184479054,4502.095868291993,2844.2578187732042,4341.526143258056,3569.3240377002726,1.367993073532938,0.9915523063477739,1.5264179339166446,1.2549228182274301
144,144,4,855.6104223555419,1055.0647674829834,914.4315152785157,465.8981718288269,737.4484817074053,689.818274974823,1.2331135057685867,1.0687475180129715,1.5828533492901262,1.4806202657267893
145,145,10,10271.814862871192,12933.85962311494,10221.320288655494,6913.033766380964,9040.663369930142,7995.69325841693,1.259160118808805,0.9950841623520478,1.3077707523860413,1.156611341506979
146,146,6,1426.838125177124,1827.1885333482664,1529.3206633759764,790.3983415718384,1277.1420940024382,1164.8863620758057,1.2805857238510807,1.0718249228069445,1.6158208169600015,1.4737965666264377
147,147,21,10111.38109141305,13941.320980302393,9770.644174254223,6693.573225427911,9744.763978792978,7837.227289832441,1.3787751499290108,0.9663016442483615,1.455838854765051,1.1708585274095389
148,148,7,989.4231728461182,1348.1558505868406,1068.2865455695069,554.4831790990864,942.2878235074015,821.5411887486384,1.3625674914291854,1.07970641368398,1.6993983930015921,1.48163410490371
149,149,2,2968.392188875317,2750.8002529690184,2704.343225420117,1499.4458258389282,1922.7884060669442,1962.5379509925842,0.9266970393192075,0.9110464700571643,1.2823326944747464,1.3088421850082912
150,150,11,21461.643585673773,22641.837122117726,18438.890602989453,13297.277516769831,15826.529069075488,14084.996465925062,1.0549908273209683,0.8591555688352737,1.1902082248878312,1.05923911478585
151,151,13,8243.217234350144,11248.680030699537,8024.463903673877,5512.162215979269,7862.691493255777,6536.144214682585,1.364598276486684,0.9734626269747321,1.426425998578658,1.185767754754184
152,152,8,13057.681139806555,17358.39029221284,13057.681139806555,9071.947996489766,12133.431187629574,10434.574552416801,1.3293623964591617,1.0,1.337467012853733,1.150202200944525
153,153,5,5813.340840246021,7207.511395208642,5873.563913134204,3844.115501825763,5037.998199548441,4552.599373053474,1.23982260687533,1.0103594601698314,1.310574096214238,1.184303481747938
154,154,8,36738.63979661809,42109.61743738374,33771.0338794842,23970.221606733172,29434.53883682403,24203.605375373365,1.1461942431864358,0.9192238489622291,1.227962733083617,1.0097364042965142
155,155,11,5488.682120443677,7790.18727377351,5475.672647698926,3698.1152149758946,5445.225964700484,4529.3523713472,1.4193183541742058,0.9976297638560093,1.4724327524057352,1.2247731906797077
156,156,10,17817.09244665309,23047.691436776928,15942.329463448841,12341.212343444095,16110.231715111871,12836.755783867837,1.2935719734173798,0.894777276998615,1.3054010632650654,1.0401535462346196
157,157,7,1695.2066733538818,2230.402860117212,1757.9826693835448,1010.9777007656617,1558.9784764875312,1358.651762008667,1.3157114676197394,1.0370314705672223,1.5420503096228952,1.3438988426546847
158,158,5,13992.152991833385,16661.563419444192,13992.152991833385,9522.206060554388,11646.38055530189,10654.990308880806,1.1907791052005239,1.0,1.2230758798160088,1.118962375012967
159,159,8,1776.1545793918458,2371.048145814502,1843.1111976627199,1003.7885876371618,1657.2790735115364,1426.9614318730937,1.3349334417876777,1.0376975174614587,1.6510240243043997,1.421575667872502
160,160,10,1762.6093858461186,2447.2608666462406,1845.6805898896973,1007.4864441486383,1710.530885233722,1438.1039378517735,1.388430633751257,1.0471296730351298,1.6978202487669016,1.4274176552986002
161,161,8,603.4511483151368,871.350712609961,642.0870094998292,354.2991740502026,608.9906068167626,505.95930075650944,1.4439457361922534,1.0640248366293865,1.7188597982180769,1.4280566758668685
162,162,7,4626.024048683594,6285.141401655981,4520.349707500122,2914.5402785820957,4393.2406305799295,3725.183965444565,1.3586486657899055,0.977156551701554,1.5073528620840373,1.2781377539434253
163,163,8,12804.129064947681,16776.930948365527,12720.148163475207,8764.847007505861,11726.991075238697,10138.983631968498,1.3102750576213502,0.9934411078608714,1.3379573043541062,1.1567781643291528
164,164,27,11913.606097658716,14361.562864925367,9500.726001754028,6822.4510078991125,10038.45028056362,7587.248075258444,1.2054757180319842,0.7974685350408831,1.4713847367963488,1.1121000453464365
165,165,9,4710.389594374951,6318.64221173457,4768.0879881768315,3066.801980924813,4416.636888791264,3603.8352556103337,1.3414266665500791,1.0122491765587251,1.4401441358986602,1.175111819421603
166,166,6,20937.486711086927,25918.495419731054,20937.486711086927,14225.869058632385,18116.965531302412,15698.43674647808,1.2378990743911282,1.0,1.273522584569895,1.1035133728404543
167,167,9,764.8600667439208,1143.263700333252,819.0922398030029,465.1565156540181,799.0473421729433,651.1935265744136,1.4947357693809666,1.0709046993261833,1.7178031808271437,1.3999449747765529
168,168,55,24883.70207548626,33619.21827779201,24319.509051160516,16718.362511334737,23499.25914816706,19126.640322565763,1.3510537208573714,0.9773268052071099,1.4055957413433884,1.1440498619166954
169,169,12,1402.3907069457277,2011.6140809163087,1479.1779475035892,824.8519773860227,1405.9929174597,1158.635044650822,1.4344177203636859,1.0547545275204344,1.7045396701543083,1.4046581403884932
170,170,12,40964.115904349,47484.34635113157,37493.339882438006,26884.52461499644,33191.43253157537,27401.676283359528,1.1591693193625192,0.9152727711733061,1.2345925028207816,1.01923603544303
171,171,6,1202.6541893651613,1576.2433973007078,1269.058646094287,667.4202549733888,1101.7314517003947,972.9633378982544,1.310637264842316,1.0552149215596034,1.6507312199332678,1.4577971385316262
172,172,8,1852.1664379105955,2382.3427619622803,1903.7818087052733,1035.9037368975517,1665.1740079716342,1463.1472995347572,1.2862465884274255,1.027867566185307,1.6074601805749793,1.412435583944089
173,173,30,14428.521535425902,19465.800808992823,12376.711602460544,9072.991722782119,13606.28129794357,10191.549808994729,1.3491195727295444,0.8577948594436643,1.4996466120186622,1.1232843719457972
174,174,11,1677.6877461769045,2280.703433952588,1746.3050749519286,971.6713142318342,1594.0968066016592,1356.8449542861931,1.359432611431912,1.0408999403681576,1.6405720568810767,1.396403222378611
175,175,40,6957.793492429406,10627.398799851366,7000.652250704846,4606.720963090273,7428.1340380433085,5679.755784157895,1.527409344846863,1.0061598203973823,1.6124558221690901,1.2329281130037906
176,176,4,8629.710726547828,9499.521371184008,8644.592238074316,5599.998154936661,6640.123643100822,6187.727663040161,1.1007925609789395,1.0017244507954024,1.185736755510757,1.1049517324546596
177,177,8,4375.286237580737,6213.186531419776,4307.67982930437,2952.6034115609496,4342.933788484825,3558.7799899578094,1.4200640127388062,0.9845481176304138,1.4708828728843237,1.2053024039813032
178,178,11,3402.055373338354,4599.056451650952,3469.5259479111082,2147.0068319519346,3214.6255520528157,2716.451982927779,1.351846441916673,1.019832297587369,1.4972591163719138,1.2652274517720739
179,179,18,4765.868586344507,6772.478531455786,4659.601016510963,2894.2535065343463,4733.7744512699965,3729.194588225026,1.4210376154434377,0.9777023709512198,1.6355769944072176,1.2884823598919846
180,180,12,5740.682940730176,7992.085331102099,5797.9183822295045,3878.239955541995,5586.342301155569,4573.401986002922,1.3921837198843037,1.0099701450315681,1.4404323520963935,1.1792467816406105
181,181,14,1594.618986987427,2436.2169481345218,1696.5887631447754,952.3633693312913,1702.7694338500305,1348.4358392064955,1.5277736989304584,1.0639461695799766,1.787940914869124,1.4158837714992223
182,182,17,2165.424882826562,3182.746764488477,2226.0759197436764,1365.9579828106616,2224.5624546462454,1784.3150505755218,1.469802434492204,1.0280088390034317,1.6285731205793588,1.306273745627247
183,183,7,3245.975979101758,3687.903651480883,3040.0584971776857,1750.064184987761,2577.771471604338,2297.9446026858104,1.1361463163080514,0.9365622286641028,1.472958245598498,1.3130630421431548
184,184,11,12194.401554361682,16171.883199549,12229.890161035877,8289.664185917369,11304.031385775954,9665.881294369698,1.326172762759699,1.0029102376624215,1.3636295912902536,1.1660160264139856
185,185,7,872.3796828932128,1204.6476331097658,927.1315849500977,497.9991142157898,841.9755832493261,722.7706489562988,1.3808753880129343,1.0627615511118993,1.6907170298389056,1.4513492661416914
186,186,9,2699.0196931168216,3611.09098361355,2743.488212803711,1697.679235202794,2524.0585781074706,2168.7653787896375,1.337926875014191,1.0164758040855706,1.4867700127144234,1.2774883109944917
187,187,9,1390.893270236499,1898.40987014458,1473.6298557131836,791.5528215432388,1326.8944899542619,1144.5960588536425,1.3648853659503193,1.0594844962206313,1.6763183123613943,1.4460134910795952
188,188,47,16821.038791293176,21502.352769073488,15036.46111993651,10549.616751960013,15029.653644582337,11848.233864495971,1.2783011225325411,0.8939079985785188,1.4246634733711987,1.1230961411270877
189,189,23,23191.759282111765,35518.019121324025,22504.918753386995,16505.64022001324,24826.855016264697,18858.982580977136,1.5314930915447942,0.97038428519502,1.504143716046949,1.142578072076868
190,190,12,6083.303927534814,8165.490560742773,6101.2486852679685,4047.8882132019503,5707.5525463735985,4824.708951473236,1.3422789092919347,1.0029498374480241,1.4100074522213213,1.1919076558828208
191,191,6,1207.7003369613526,1567.0750092413575,1279.4908319595215,668.7776861793596,1095.3227487253089,976.0865985306555,1.2975694063183036,1.0594439637060946,1.6377979878227487,1.4595083219760394
192,192,10,2903.4459519474613,4849.738577469116,2886.5598522624514,1958.4137268368925,3389.8627689069103,2592.5571335026502,1.6703388517413922,0.9941841177812579,1.7309226964937612,1.323804616959046
193,193,14,11581.61966015464,13220.806961916258,9306.645168916491,6663.841620767517,9241.197644683467,7478.58325486765,1.1415335117074403,0.8035702640913894,1.3867672988931419,1.1222630549263104
194,194,7,5333.070133592737,6206.408010260694,5273.176963820398,3204.0371302845797,4338.206022289025,3948.1605917215347,1.1637589333706388,0.9887694764418951,1.353981194938184,1.2322455799289886
195,195,1,1464.4961006111573,1464.4961006111573,1464.4961006111573,753.4572982788086,1023.6722847719989,1067.0889451503754,1.0,1.0,1.3586334449350574,1.4162566977425586
196,196,16,1269.9656679799073,1991.339797514673,1321.9829936835206,790.8657414356153,1391.7794392083558,1072.0158336356415,1.5680264811270306,1.040959631441341,1.759817585070678,1.3554966127242656
197,197,7,13156.229801385278,16530.48879590339,13185.214286927576,8979.803103137385,11554.738477533267,10272.283979249456,1.2564761368156416,1.0022030996706401,1.2867474202743092,1.1439319839496815
198,198,8,2599.119211527075,3490.640076384741,2654.7107225713867,1647.4656560227113,2439.8738365993354,2102.113995552063,1.3430088396499003,1.021388596105082,1.4809861605793015,1.2759683261786212
199,199,7,1815.1817647066648,2427.723075771826,1876.1433485415039,1142.1733158378797,1696.9053084829065,1481.9658155869483,1.3374545309869552,1.0335842861690991,1.4856811001910726,1.2974964438735836
200,200,7,4570.107582945459,5490.530286901709,4602.328473530786,2917.9744460338325,3837.8075267906934,3508.078125947752,1.2014006644813013,1.0070503571306653,1.3152299986749767,1.2022305852321633
201,201,10,5665.727973429102,8230.937647707178,5573.209213507838,3830.2452847906743,5753.320844948916,4938.354460761268,1.4527590604964253,0.9836704549962239,1.50207634685812,1.2893050166710542
202,202,8,21452.87829829951,26000.753771673073,21385.938501054385,13876.83522958014,18174.443230261877,15114.34949707985,1.211993719916551,0.9968796822359062,1.3096965503720093,1.0891784219547263
203,203,17,3797.1486463936526,5508.861806248072,3796.9653130593015,2419.4641383095204,3850.5168429450027,3056.974438156668,1.450789083930154,0.9999517181571164,1.5914750634143968,1.2634923534318536
204,204,15,21057.28725832716,26696.454999620633,20805.263337614088,13794.845093666498,18660.66527393644,15223.147748833608,1.2678012448665936,0.9880315105349855,1.3527274244278351,1.1035388687200898
205,205,31,14876.521197035101,19679.97926569377,13690.92623920842,9484.162213959671,13755.981644835152,10873.240408707274,1.3228885305266127,0.9203042873986581,1.4504161078759092,1.1464629308746985
206,206,12,3145.2160553380613,4558.400097167724,3129.52959333855,1997.2841091682385,3186.1963106642406,2552.0980243734616,1.4493122306911814,0.9950125963611027,1.5952644373619536,1.277784173347413
207,207,9,2136.122763463354,2786.5235560509027,2210.945275249243,1332.5809922010872,1947.685965311581,1687.061749306994,1.3044772537010167,1.0350272526774524,1.4615891842299924,1.2660106659036117
208,208,5,1150.2816801419679,1428.5755779559815,1218.3022124265137,641.8747440332642,998.5220887624309,931.2469167709351,1.2419354342665587,1.0591338047530678,1.5556338647757795,1.4508234284455266
209,209,28,12538.348767858643,15878.013644601439,10304.844834379519,7486.939745805881,11098.438939176407,8381.843085397488,1.2663560360758062,0.8218661823154428,1.4823732146894406,1.1195285884453556
210,210,5,4729.135606492419,5935.14171442444,4696.174871446033,3046.834993348439,4148.611802702683,3460.539041261194,1.2550161822968977,0.9930302833775508,1.3616135470938002,1.13578157294895
211,211,7,910.6996992289551,1261.1256598388184,971.6051787394531,520.4344608474929,881.453723376134,755.8977594361011,1.3847876099075818,1.066877676101204,1.6936882349042475,1.4524360247112995
212,212,24,14827.878236943998,17962.92789556909,11966.221219776515,9032.431583787466,12555.835768258787,9702.755229149763,1.2114294175153155,0.8070083277297491,1.3900836836445642,1.07421297788355
213,213,1,554.9292845572754,554.9292845572754,554.9292845572754,292.45907068252563,387.8851108351355,408.9672589302063,1.0,1.0,1.326288529639069,1.3983743365380323
214,214,36,25151.423751754282,32690.19399026858,23171.93843147718,16241.235627946717,22850.06943903769,17934.080980726874,1.2997353276268695,0.9212972856004211,1.4069169343075707,1.1042313153727807
215,215,6,12427.83358959104,16880.574047032056,12494.45791304685,8689.596892480988,11799.458440560207,10177.045181035995,1.3582877438245085,1.005360896006172,1.3578832926956772,1.1711757526798603
216,216,6,7361.294949910254,9147.036622756177,7373.165063533301,5008.728578556683,6393.715903487367,5740.407372951508,1.2425852631903702,1.0016125034662808,1.2765147488446624,1.1460807434300355
217,217,8,7203.900818582715,9733.283797526563,7192.083782919873,4994.4339309922725,6803.481775683867,5832.286030769348,1.3511129654116303,0.9983596337650347,1.3622127892143687,1.1677571695518685
218,218,7,1187.0401798457033,1584.7820316107177,1238.9336452052,669.8584870143235,1107.6895183358918,957.8274862611493,1.3350702516377455,1.0437166881463458,1.653617203945654,1.4298952761356418
219,219,9,22125.12510881632,28814.339855618942,21113.2675409317,15205.062956922033,20141.129433568844,15884.938898357968,1.3023356800878443,0.9542665832211987,1.3246330837715927,1.0447137866750118
220,220,26,10885.738506941769,13007.139072239503,7793.056206208862,6212.964597997192,9091.718509103408,6454.641914721195,1.1948788834073987,0.7158959588492115,1.4633462601789506,1.038898872335746
221,221,3,6441.830747445508,7203.130774400097,6422.87466842024,4174.487519338904,5034.957039662469,4788.2891499996185,1.1181806937812642,0.9970573459986068,1.2061257858209702,1.1470364033470435
222,222,10,19086.3110292744,23631.1797291324,18632.470727739423,12349.993002294337,16518.090061396342,13416.108559670445,1.2381219028070498,0.9762216857495993,1.337497928810783,1.0863251952594668
223,223,3,13339.602589607239,14447.238204817604,13339.602589607239,8725.491450247462,10098.588142989904,9698.819249510765,1.083033629208213,1.0,1.1573661152007089,1.1115499115222558
224,224,12,10852.754665095898,14714.750428952368,10535.116119914845,7393.079524135437,10285.4851169961,8582.139365090676,1.355853963627984,0.9707319887915069,1.3912315001371376,1.1608341743211925
225,225,6,896.649956613672,1232.436595278882,964.0521364354493,507.4232074631348,861.4105072487381,746.7300038337708,1.3744902190519883,1.0751711181432846,1.6976174809886304,1.4716118475681308
226,226,7,7759.28664043147,9494.726403493896,7797.552989757031,5207.957701789971,6636.740621058232,5980.974552154541,1.2236597052645968,1.0049316839419447,1.2743461066853883,1.1484299402237628
227,227,6,821.4812916919188,1117.3793388831543,872.9027328143554,473.35134436697774,780.9854896217248,679.0896753239062,1.360200591521452,1.0625959977938502,1.6499065628854448,1.4346419069160277
228,228,11,13472.294644444262,18004.89064959326,12934.11299138335,8953.879037896388,12585.303531969692,10412.910211992252,1.3364383072647659,0.9600527105987213,1.4055699746114134,1.1629496185866106
229,229,6,2032.079799279663,2578.961307502466,2077.177463884717,1302.570850075386,1802.6312816498234,1605.7840776443481,1.2691240316530201,1.0221928610387447,1.383902673352084,1.2327806027222348
230,230,25,9316.977554905552,12922.265415058542,8853.823900886022,6005.441348826863,9032.402356554727,7158.585175431327,1.3869589508944071,0.9502892809078765,1.5040363949802238,1.192016499641567
231,231,6,7048.0448284878175,8172.337650351856,6805.588485509912,4397.951896315176,5712.401271943148,5205.063500404358,1.1595183982541806,0.965599489095485,1.2988776154485189,1.1835198799617206
232,232,6,15026.9394442172,18069.079678235867,15026.9394442172,10017.657231668598,12630.22396293647,11275.62847173214,1.2024457638437727,1.0,1.2607961792712195,1.1255753926264063
233,233,2,2603.408483218945,2980.3287825116213,2610.615977603711,1497.8910521058651,2083.228871881223,1976.9776210784912,1.1447795463993566,1.002768483866909,1.3907746287371427,1.3198407309390656
234,234,11,6121.378294500929,7987.4001986675285,6046.361760608106,3987.123541906265,5583.077800871803,4804.5741692590245,1.3048368871178766,0.9877451563547032,1.400277102575684,1.2050226482227164
235,235,5,2924.824490984326,3161.5466221250736,2818.5363209037596,1514.34440649823,2209.868791286226,2083.1322841644287,1.0809354995044782,0.9636599835620235,1.4592907543379294,1.37560007830812
236,236,7,12442.563171833814,15373.247268251489,12441.154369816602,8437.701941679125,10745.826681581391,9593.874086059663,1.2355370076040164,0.9998867755784917,1.2735489776548026,1.1370245301827355
237,237,16,3307.0182450643433,4384.020480903687,3356.838296109339,2156.022997877883,3064.2632302156767,2605.1503688069174,1.3256716945685882,1.015064945928058,1.4212572097940286,1.20831288505322
238,238,21,17024.44524034338,18835.93692491655,15001.137309267411,11124.380771370317,13166.100555815867,11050.293051911844,1.1064053282793862,0.8811527833940063,1.1835355896572792,0.9933400590126198
239,239,24,22493.15962707308,29863.68056400933,21896.737617712482,14782.339181005314,20874.461944885705,16517.64185506909,1.327678327951089,0.9734842939253969,1.4121217007189575,1.117390262313394
240,240,4,5549.179846131531,6884.202339988428,5549.179846131531,3682.262200619965,4812.01564335751,4089.8060027360916,1.2405801453322105,1.0,1.3068096135433631,1.1106775617574192
241,241,16,3409.789577929077,4891.800037521191,3452.4265000268556,2135.4224060675024,3419.2011060481127,2751.5090651897094,1.4346339930137881,1.0125042678216156,1.6011825558882091,1.2885080990869457
242,242,10,6543.9120839973875,9159.308465931961,6523.066361045117,4430.8726745389195,6402.252111755238,5330.869408740377,1.3996686306850479,0.9968144860926162,1.4449189994883935,1.2031195207601204
243,243,5,1005.0847817610838,1276.860040911914,1062.5004257552246,549.4643891631165,892.472931848628,806.466600894928,1.2704003324720852,1.0571251749464743,1.6242598236583525,1.4677322439826335
244,244,8,9870.26653595565,12702.004598441334,9894.048742123254,6706.028497324456,8878.617593529692,7799.507054686546,1.286895804907614,1.0024094796306633,1.3239755239739954,1.1630590382665928
245,245,9,12609.142145730859,16079.78827067041,12554.63032323186,8533.979857831622,11239.677902694611,9856.85725991501,1.2752483939690238,0.9956768016516132,1.317049968471624,1.1550129510640204
246,246,3,5005.874805925708,5423.590745267993,5010.331564424853,3289.37593413255,3791.058595073527,3658.6085386276245,1.083445143064268,1.0008903056252765,1.152516061096944,1.1122500473915717
247,247,2,1683.2249767793946,1776.0476332215576,1698.8299582155519,878.4468100197143,1241.4363585498686,1250.1547915935516,1.055145721886664,1.0092708827705343,1.4132174474195063,1.4231422749039242
248,248,7,29070.02478570238,36635.73677986198,29070.02478570238,19752.89225849373,25608.306733686728,22150.58600986004,1.2602581886301203,1.0,1.2964332715719225,1.1213844393007966
249,249,8,16596.230473125415,22463.487986066604,16633.574657915455,11657.168739519333,15701.894406033356,13488.107519388199,1.3535295272286167,1.0022501606524754,1.3469732451244247,1.1570654779716574
250,250,5,4861.989963629443,5767.7774235224615,4915.183291458423,3085.54408034133,4031.624151530201,3733.076148748398,1.1862997387219727,1.010940649451541,1.3066169357996058,1.2098599311974296
251,251,10,8655.084843284705,11763.647735122755,8678.46328072367,5898.838490626236,8222.685276927607,6915.9551721811295,1.3591603026572197,1.0027011216946191,1.3939498919989357,1.172426602825485
252,252,11,3936.1418186191895,5305.375950192334,3989.846155762134,2615.295962209513,3708.3428940612407,3162.5666689511995,1.3478619914293322,1.0136439029937656,1.4179438761983463,1.2092576575078442
253,253,6,919.8400353084961,1196.3839018214599,1008.637845238916,504.1057318664246,836.2096727124007,763.6863584518433,1.3006434335294141,1.096536143809656,1.6587981842943522,1.5149329003348866
254,254,6,3077.214530577832,3739.855266986206,3122.6410258964356,1984.8250915827912,2614.0961519513567,2383.6131720542908,1.215337842007377,1.0147622126657752,1.3170410647452848,1.20091850015534
255,255,14,12776.686809512892,17080.97767837046,12528.591341742505,8473.945753491733,11939.457080163353,10002.51280946694,1.3368863096536736,0.9805821750607782,1.4089607636730077,1.180384333395733
256,256,14,11047.73987716051,15351.771750783959,11064.334687893543,7487.083483390531,10730.742150839586,8887.132044911385,1.3895848310586465,1.0015021000600621,1.4332339387753377,1.1869951850579394
257,257,4,953.073762867456,1199.6949883933107,1052.817994439331,513.3134417901861,838.5450013909241,787.984228849411,1.2587640486334029,1.1046553115383015,1.6335925248060708,1.5350936965556712
258,258,21,2624.313284310864,3872.203911095166,2694.4850323211185,1634.832126738207,2706.4512303803212,2131.9521803940142,1.475511302040295,1.0267390895857471,1.6554918306995794,1.3040801838459426
259,259,2,1011.0342742677002,1086.0655702131103,1056.176947381714,519.677753359314,759.1389183613642,769.6356489658356,1.0742124157954545,1.0446499928468902,1.4607877929238249,1.4809863304533193
260,260,10,7643.440763904114,9520.674916323194,7502.735443003455,4923.52948941347,6654.84727101871,5787.857501149178,1.2456006673439866,0.9815913637265125,1.3516415988424368,1.1755504894596809
261,261,5,3025.481062361694,3728.392483203516,3106.3203942006835,1915.9880279983022,2606.0940953688573,2385.3028809211596,1.2323304645949853,1.0267194968908138,1.3601828702925312,1.244946652100518
262,262,5,2821.0096993950683,3481.857330013599,2854.700922411426,1859.5597394108088,2433.7660390187048,2211.422786597512,1.2342592550320695,1.0119429660321912,1.3087861537536998,1.1892184691513
263,263,23,45608.48526039908,48690.14414646924,45689.52634510367,29523.347765238832,34034.170546509995,32664.47058456812,1.0675676657199993,1.001776886126384,1.1527883225554205,1.106394533719773
264,264,5,25499.09406072677,29119.845523710155,25499.09406072677,16753.001588900894,20354.719726974192,18315.343112826347,1.1419952981215908,1.0,1.2149894225796223,1.0932574091654435
265,265,5,946.5114418575683,1208.260804021338,997.4347946255127,521.6500057130432,844.5220674893154,760.590836763382,1.2765411495185683,1.0538010958092647,1.6189438478677642,1.4580481710600781
266,266,5,1706.478601552173,2063.4092690510256,1747.463414455005,920.0307890396423,1442.2708185146662,1317.407885313034,1.209162111481619,1.0240171853696574,1.5676332093409122,1.4319171716939894
267,267,7,5952.936228453833,7897.061176787889,5885.474865190894,4058.5361991015234,5519.972613113932,4749.351968050003,1.3265825256184556,0.98866754813524,1.360089535319641,1.170213036193052
268,268,12,1208.2089818781005,1758.3341197236084,1278.7894224725828,722.7339687899305,1228.950230989202,1008.813592489389,1.4553228341262336,1.0584174109389326,1.7004185275071915,1.3958297742369021
269,269,8,1546.4646754931887,2117.950579634814,1629.5751966510254,875.9842925245362,1480.3638803199356,1266.3248662948608,1.3695434581843071,1.0537422693676024,1.689943407607929,1.445602252347911
270,270,7,1287.896367121704,1654.0588437031008,1343.1652797163085,725.6556428416022,1156.1140095708674,1024.6264924523036,1.2843105128091374,1.042914099306083,1.5931992274512314,1.4120009987656934
271,271,17,2128.1428323524906,3053.1579700965085,2203.209328476758,1276.3788511543894,2133.9798790142595,1731.0057185192393,1.4346583902554548,1.0352732415245303,1.6719016278624752,1.3561848952242306
272,272,17,20594.059448614073,27614.7328411167,19574.335334856936,14288.048355013432,19302.520517724573,16140.307180543501,1.3409076976795413,0.950484550348049,1.350955710543326,1.1296369370754644
273,273,4,4724.0660352910645,6236.873817599829,4732.503355872119,3265.518823380606,4359.532990060681,3812.377824783325,1.3202342581596778,1.0017860293480285,1.335020015455769,1.167464660588478
274,274,6,23503.591806507262,27544.66340033149,22529.21684585923,15305.879879889735,19253.65691382851,16159.807762652636,1.1719342144422968,0.9585435720348809,1.257925520448238,1.0557908391718707
275,275,9,1178.2793636757083,1715.9204382029784,1263.0182715108153,679.4965679647024,1199.3343834302823,991.645150601684,1.456293380926293,1.0719175014410498,1.765033761719579,1.4593821328221876
276,276,18,3950.769779646899,5626.716273550464,3958.4367240782713,2598.067287984391,3932.8866836629727,3181.3284619381025,1.4242075816559863,1.0019406204003254,1.5137739895544233,1.2244981015892824
277,277,6,2927.9167394916994,4727.3748024073975,2981.1497969166257,2040.4069101119283,3304.3722600219708,2684.269121372305,1.6145864869190552,1.0181812060114004,1.6194672952958715,1.3155557884407758
278,278,7,1850.7195834358154,2367.3625264821044,1901.7763813545166,1036.1511498396696,1654.7132635101914,1459.3465774030094,1.2791578733322495,1.0275875385853515,1.5969805792969838,1.4084302059876337
279,279,8,7740.094086424952,9825.557488884764,7499.339528653955,5185.5990609999935,6867.981089562454,5912.744858717584,1.2694364408460388,0.9688951380845297,1.3244334952957255,1.1402240684564933
280,280,8,5860.470791969153,7534.0682661866695,5861.378453965613,3967.513970931616,5266.23014001808,4621.344372718707,1.2855738956178941,1.0001548786827337,1.32733751628895,1.1647959922957913
281,281,8,46050.53592882798,46325.56771120935,38353.47066990195,29835.462944692164,32381.488074191337,27210.531533946054,1.0059723904800246,0.8328561198327421,1.085335532893151,0.9120197526141254
282,282,6,8716.69838426626,10712.90316429309,8712.229384916283,5911.165737786784,7488.256603632869,6742.478099014748,1.229009275304283,0.9994873059554243,1.2667986207466022,1.1406342501807805
283,283,10,3170.808354584546,4826.67397852683,3175.770599936719,2055.493788580048,3373.740611740654,2726.34082119386,1.5222219190725084,1.0015649780110483,1.6413285364735941,1.3263678228272529
284,284,3,13065.801182861329,13379.827122125269,13086.970806121826,8422.750185776757,9352.467819991163,9263.561951637268,1.0240341893213447,1.0016202315467853,1.1103817178128341,1.0998262737603646
285,285,17,26725.830131369035,30056.18013589372,22165.700175450253,16789.905867033,21009.09212888889,16614.794330340956,1.1246116580160306,0.8293736833054851,1.251293026611916,0.9895704277273003
286,286,15,38154.666892813926,47205.54869622756,36729.99186826864,26078.859677371056,32996.52169617666,28342.574195981026,1.2372155896116153,0.962660530399923,1.2652593750028165,1.0868026649406846
287,287,7,7125.356705593018,9110.12941562932,7120.527208492187,4812.53008991174,6367.907313456094,5603.449319367788,1.2785506455386808,0.9993222097783484,1.3231932464806426,1.1643458253100611
288,288,18,6075.746033800464,7537.881425340063,5534.048848663184,3605.855631457706,5268.791056695104,4356.5846082491935,1.2406511699806868,0.9108426879392717,1.4611763739873131,1.2081971807861862
289,289,11,3725.9143655744874,4896.333298156738,3676.779616163477,2274.389229598975,3422.422048411561,2898.7863904566248,1.3141293163891026,0.9868127002958011,1.5047653250692756,1.2745339947673533
290,290,13,4888.54056318208,6620.678843225805,4741.326659683643,2893.1234150098294,4627.7186587572405,3760.4528355665075,1.3543262570201995,0.9698859196122509,1.5995579845464414,1.2997899833988698
291,291,6,5395.391200845874,6528.9700158550295,5455.446900259936,3564.342058767535,4563.687355285866,4159.901540994644,1.2101013203327011,1.0111309258547643,1.2803730057445386,1.1670881953549204
292,292,30,16144.63256803622,23528.631909980617,14588.537718140613,10790.304421512237,16446.200206910038,12392.77313034198,1.4573655864156072,0.9036153443977148,1.5241646170910477,1.1485100555304963
293,293,34,4317.963775141102,6167.752289330225,4356.964007455262,2805.917355066182,4310.903818971428,3423.5864777310267,1.4283937083582123,1.009032088814336,1.5363616505624944,1.2201309035526728
294,294,22,10872.823074968992,15364.983917326563,9883.737113095178,7168.896942183134,10739.893869828858,8375.757927164594,1.413154965493668,0.9090313568928707,1.4981236243798273,1.1683468174692349
295,295,39,15594.107499614973,22852.493301267474,15328.576510469502,10222.077531178009,15973.485392409988,12297.111580557446,1.4654569555732326,0.9829723509888574,1.5626456895567273,1.202995334661711
296,296,26,12041.13658313308,17185.06705114431,10763.21346251743,7887.864885984094,12012.090206447472,9099.036952671573,1.4271964222394684,0.8938702246426028,1.5228569936322935,1.1535487846450825
297,297,8,3119.713006038403,3968.0992022421633,3109.4564409901855,1820.3705053361416,2773.6177356456724,2423.9455199891236,1.2719436674340412,0.9967123369911383,1.5236556115995235,1.3315671248702903
298,298,6,11017.618351299085,13580.872881232544,11024.469203719129,7369.966196432285,9492.967400277546,8500.159040093422,1.2326505101378127,1.0006218088339607,1.2880611860707016,1.1533511570525588
299,299,5,4608.484802961804,5547.339279182422,4636.183316398694,3029.367557563101,3877.5379131357126,3545.2682107686996,1.2037230274942492,1.0060103297767389,1.2799826496639783,1.1702997881249517
300,300,7,2036.415328237622,2832.707728372534,2081.866529534619,1378.1560946610384,1979.9895910908015,1677.024336281261,1.3910265205202754,1.0223192197911475,1.4366947247566944,1.2168609512217337
301,301,7,6543.0323865739265,9501.387456956836,6303.256667942945,4690.914284996835,6641.39667738403,5291.930535956373,1.4521382282094997,0.9633540376289451,1.4158000496034455,1.1281234775237305
302,302,2,2106.757879257202,2285.3552217496826,2106.757879257202,1365.7586204551942,1597.4424103982283,1537.4593241214752,1.0847735490874015,1.0,1.169637435541733,1.1257181914100274
303,303,9,14315.916204401587,19538.530442775467,14308.034356931494,9951.89968655438,13657.338634224843,11676.799538612366,1.3648117356797695,0.9994494346461968,1.3723348370037065,1.1733236775274605
304,304,26,4468.719903631714,6419.327696682081,4454.867111557007,2725.2554189620655,4486.838507089575,3523.8960041862324,1.4365025857774425,0.9969000536230859,1.6463919219720042,1.293051645606244
305,305,6,2628.2434650925297,3002.0904636099613,2684.4612178269044,1380.0486975804235,2098.3985073417625,1981.4279176980906,1.1422421489800108,1.0213898573252593,1.5205249720685863,1.4357666661850685
306,306,23,19298.12845219534,25749.492868834936,17785.16414254009,12880.577948675342,17998.655154778015,14453.543956421483,1.3343000038900505,0.9216004643453839,1.3973484129746696,1.1221192103346502
307,307,6,3475.294545710791,4383.7982543329845,3490.256443363989,2187.9797126574927,3064.2122732411553,2734.869185195257,1.261417758026717,1.004305217142433,1.400475633075867,1.2499518022831755
308,308,13,42586.65436983519,49376.95085194907,42389.220198372714,27593.358163611865,34514.35272186281,30228.05687051163,1.1594465820945905,0.9953639426626967,1.2508210315400412,1.095483075719802
309,309,13,2801.4911535787232,4020.1950025148194,2903.578007347498,1766.3613192649,2809.9805277370588,2294.206064214301,1.4350197027676783,1.0364401842348727,1.5908299718126062,1.2988316938286852
310,310,14,1787.5805770237305,2787.0949267939204,1862.9732040866454,1118.046611184732,1948.0331446913503,1509.9476390677473,1.5591436618954275,1.0421757922590775,1.7423541426659552,1.3505229781679133
311,311,8,10286.740326422536,11720.649598601392,10268.395602916651,6759.615996578332,8192.650498475168,7594.963481467654,1.1393939408089961,0.9982166631096184,1.2119993950280945,1.123579133091609
312,312,6,4991.179914278565,6171.8032847346685,5023.79907802063,3307.7927036928627,4314.027803968732,3879.9804544544954,1.2365419381254168,1.0065353612376804,1.3042013785061244,1.1729817440261099
313,313,6,1328.1319324847411,1706.9494931543459,1399.2940764727782,741.1339419761964,1193.095008526088,1073.5021226406097,1.2852258509897374,1.0535806287368628,1.6098237321917277,1.4484589921467774
314,314,6,3143.8835248317137,3799.013831400098,3174.7526484858886,2029.062442675117,2655.4479883374684,2423.3124774801267,1.208382499349575,1.0098187873088673,1.3087068847602956,1.1943015781639674
315,315,16,9415.43790896051,13614.500738958322,9335.513742529845,6545.494412714084,9516.36883649667,7803.5622058894705,1.445976370998277,0.991511370240719,1.4538808280107773,1.1922036310552329
316,316,15,3583.6625662749757,4832.894925520238,3472.921629687451,2060.2794064904374,3378.0368432490463,2727.6446429664766,1.3485909558007778,0.9690983917878647,1.6396013242705414,1.323919772421963
317,317,5,7502.8428384552735,9384.802738088672,7502.8428384552735,5080.419095499698,6559.924856991182,5828.039590358734,1.250832909625609,1.0,1.2912172664656838,1.1471572484091495
318,318,7,1630.1809324457763,2137.697681530835,1686.832742769873,921.0243139967388,1494.1775442668534,1300.6653196324803,1.3113254111760626,1.034751854347297,1.6222997824921093,1.412194336095546
319,319,7,1537.4503133242677,2094.1200032798097,1712.5159736483643,851.4095649419206,1463.7167484221873,1301.083327539937,1.3620732879177821,1.1138675239172904,1.719168786319702,1.5281521151676176
320,320,8,8918.195975189501,12162.129279905177,8917.25816687041,6213.740191091442,8501.244754503321,7237.624177236677,1.3637432182181606,0.9998948432708027,1.3681364996063794,1.16477740534005
321,321,8,1356.2607421000976,1802.8195674144285,1435.1737958964845,783.9347918043896,1260.0873137746855,1109.818864832025,1.3292573555014637,1.0581842792811316,1.607387919184364,1.4157030360618963
322,322,6,1312.7797423666016,1667.6404627435547,1389.7480151021973,718.1857491362085,1165.6179972433445,1052.1984787732727,1.2703124590704236,1.058629997288686,1.6230035177463227,1.4650784703522661
323,323,7,14802.038642079224,18451.17075173357,14793.627401570191,9712.974210560862,12897.295164240968,10728.823255286503,1.2465290219740812,0.9994317512126254,1.3278420064389558,1.1045868158098386
324,324,21,10100.302067161583,14313.714359577076,9425.09042729403,6660.762209032993,10005.066949235572,7726.686256440873,1.417157057719518,0.9331493617341582,1.5020903967517711,1.1600303409664328
325,325,5,1700.7366600467285,2065.4286632160156,1787.6078236850342,918.0678990268127,1443.6823769847954,1341.5134686700287,1.214431788140127,1.0510785506534086,1.5725224447071444,1.4612355688420047
326,326,7,12591.70672167705,15154.176645644018,12399.01116733745,8336.51930724344,10592.696266127568,9594.023892376732,1.20350457492435,0.9846966294086354,1.270637765682829,1.150842880438203
327,327,3,29623.687267303467,33344.54145159965,29623.687267303467,19255.81848855318,23307.80304623136,21054.776069641113,1.1256040191999663,1.0,1.210429100174938,1.0934241035849679
328,328,5,15727.474689483643,18428.84515095037,15727.474689483643,10563.88437760267,12881.710492445507,11809.611737251282,1.1717612340697663,1.0,1.219410401703851,1.1179232292895762
329,329,4,736.4780614214844,911.5329513665772,782.4899479479736,399.35143741091923,637.1197451652374,589.8825395107269,1.2376919274516032,1.0624755697918296,1.5953861323144871,1.477101330434821
330,330,14,2282.973664381299,3264.975027862036,2325.7648442671634,1368.0070177876462,2282.071317937964,1832.7552315481917,1.430141345387296,1.018743615203928,1.668172230306648,1.3397264836492877
331,331,22,15578.111744035828,20645.696375449264,14867.67690975143,10270.535295668338,14431.111903530234,11649.263598190106,1.32530159718193,0.954395317869228,1.4050983213714912,1.1342411337706277
332,332,30,5398.367308055993,8222.882497722192,5417.107657546887,3599.170405405077,5747.481574453414,4445.726766965093,1.5232165631729375,1.0034714846955537,1.5968906517518864,1.2352087470736852
333,333,36,11926.521653973536,14733.327155506715,9359.43417156997,7025.139532871988,10298.21957930719,7602.369136067739,1.2353415004783093,0.7847580747444253,1.4659096137692107,1.0821662830317864
334,334,5,5261.786015523707,6134.619126982764,5295.179508120142,3423.4128850271427,4288.0465178393515,4000.459762286109,1.1658815293673974,1.006346417831876,1.2525648123233473,1.1685589488147268
335,335,1,404.08873169851074,404.08873169851074,404.08873169851074,216.58659267425537,282.447569954859,300.2114460468292,1.0,1.0,1.3040861230946923,1.3861035548878364
336,336,6,1034.9398532179687,1363.5663657475832,1098.2965856215333,572.1938609625854,953.0702117951605,840.2358198165894,1.317531991359504,1.0612177917456436,1.6656421482604473,1.4684460584793493
337,337,11,3320.223221395886,4825.308882698121,3346.119808239758,2231.5207979008146,3372.776023069986,2640.889237614377,1.4533085762436986,1.0077996523477675,1.5114248660567031,1.1834481847978537
338,338,8,1573.0395960044189,2116.1943867811524,1673.8380037345214,883.2927602868024,1479.1363017936253,1289.8873771204064,1.345289967370413,1.064078747913361,1.6745708425294399,1.4603169358045955
339,339,8,7404.177773986963,9775.710433277687,7373.2470987245115,5036.889599395642,6833.137985443501,5902.508441448212,1.3202965584676547,0.9958225374637654,1.3566185739436067,1.171855829866994
340,340,18,20962.827481735403,28597.22803153855,19340.375499221733,14124.033468101272,19989.27418061185,16049.09438715014,1.3641875389402927,0.9226033804873275,1.415266696001327,1.1362968250816288
341,341,16,2421.053653842786,3512.3052456679684,2536.1904773596316,1503.5010896760052,2454.934268257911,2002.1686884625553,1.4507341628274564,1.0475564939810798,1.6328117652292047,1.3316709260875959
342,342,11,3706.4542570534913,4842.622694275317,3618.8590258122804,2178.456419878734,3384.8783197336465,2849.1203534801894,1.3065378279145532,0.9763668387180242,1.5537966648522945,1.3078619923178398
343,343,6,3172.0490390401123,3815.968290197168,3221.2711783101317,2008.878639491308,2667.2991486334204,2441.9823349171784,1.2029978866127211,1.0155174584832125,1.3277552442435443,1.2155947536659266
344,344,22,3046.9116305144285,4382.261097335474,3077.2542229124997,1886.5630183137575,3062.9707536790975,2423.6478103952745,1.43826327401415,1.0099584747040886,1.6235719262730133,1.2846895581370892
345,345,11,1382.3027792726075,2086.2139268876463,1477.8395422824465,812.4194244860645,1458.1486460352646,1172.295753487154,1.5092307981797226,1.0691142088711652,1.7948224797279897,1.442968641756377
346,346,7,2200.564138941089,2747.0072316215824,2241.6561916418946,1195.971779908401,1920.0848997354856,1700.1134006504808,1.248319548160701,1.0186734174085827,1.605460038432131,1.4215330405042599
347,347,7,3479.9259121035766,4951.570044472143,3533.685265094299,2368.2110575639613,3461.0743215084285,2916.391840338707,1.422895248214918,1.015448418830913,1.4614720721170145,1.2314746318846375
348,348,6,5009.425423782446,5936.774264172192,5049.607933090308,3247.7651858648132,4149.742525277163,3796.151015996933,1.1851207996803625,1.0080213808787517,1.2777224607671787,1.1688502089125312
349,349,9,12311.370165626207,13989.320032030324,11544.660440473437,7968.6072057309275,9778.440657616395,8309.835722195494,1.136292698849151,0.9377234446825868,1.2271204245810807,1.0428216007709803
350,350,10,2191.553836989331,3139.620297325488,2289.019519173828,1347.3440389960035,2194.490130201716,1812.883186340332,1.432600123407679,1.044473323237357,1.6287526175103562,1.3455235885343977
351,351,12,7585.868960616834,10550.029844892628,7519.83512376991,5211.039543637845,7374.345478711145,6160.859618358618,1.3907477046683347,0.9912951519213227,1.415139036454728,1.1822707478549856
352,352,47,18434.937805945832,26220.727236611405,18240.915899589327,12261.3186380531,18327.797401428164,14527.977683097079,1.4223387956402227,0.9894753153821909,1.4947656073913371,1.1848625838667453
353,353,5,2600.5379851171383,3391.827742321899,2678.4409949865235,1630.9925011967682,2370.835334811008,2110.3105301856995,1.3042792536518624,1.029956497584432,1.4536151043437464,1.2938811972692845
354,354,24,5744.995906256019,7930.664443882227,5804.844767889319,3767.77814201342,5543.283811523276,4556.030139623178,1.3804473620679385,1.0104175638433663,1.4712341339081774,1.2092087081296492
355,355,34,16409.229729461204,22810.63734454863,14595.918679039793,10609.252824017354,15944.280250266693,12110.200506952915,1.3901101831485918,0.889494444265974,1.5028655188772426,1.1414753430644708
356,356,16,6139.083069983961,8424.853893272095,5967.756429217016,3916.383535385672,5888.805713077196,4771.068852229023,1.3723309812281308,0.9720924706810667,1.5036335588356227,1.2182333035365456
357,357,16,6375.199731389245,8920.397798828686,6250.743830330286,4190.162836896155,6235.19091197005,5050.255549454115,1.3992342475025181,0.9804781173449073,1.4880545588984178,1.2052647465116344
358,358,6,4675.582062973193,5817.4997031307375,4699.766273712329,3088.875659633728,4066.3695975043856,3648.6199701954506,1.2442300498157444,1.0051724492081222,1.3164562273078246,1.1812129629808719
359,359,68,28516.59464652855,38756.543115810666,26818.02542237,19034.716757064693,27090.11342521408,21167.711123710535,1.3590873523367444,0.9404357622215133,1.4231949847722134,1.1120581090787278
360,360,11,6437.875930893811,9112.323987122216,6274.762873926648,4277.602541099277,6369.399514664033,5138.079741538879,1.4154239822166153,0.9746635289778696,1.48901153238683,1.2011587547398623
361,361,10,8377.343769703675,10888.535796771996,8040.972590446472,5313.286575257015,7610.981969937226,6420.408798336983,1.2997599353807043,0.9598475139012826,1.4324433403197467,1.2083686259716593
362,362,5,2149.9029231671143,2724.4754275674563,2196.604665616797,1384.419961844551,1904.3560868424518,1715.4502058029175,1.2672550924085049,1.0217227214989244,1.3755624299906488,1.2391111462430184
363,363,12,897.2520428509522,1353.988791352051,955.8420788729982,539.3272588017758,946.3128559230835,758.1168003194348,1.5090395192078376,1.0652994178044783,1.75461714660132,1.4056712097284756
364,364,17,4283.535485955078,6416.18972784419,4279.283308831836,2802.901846158577,4484.739054711888,3507.6916849222675,1.4978724347870331,0.9990073206730318,1.6000342862017434,1.2514500604898515
365,365,11,19099.921400984473,23467.475547593433,18660.05892665586,12736.29401245385,16403.65043009901,13983.553273764925,1.2286686973687673,0.9769704563126662,1.2879453327678467,1.0979295280158792
366,366,5,1942.0345655379883,2337.8102577291747,1969.5972997481933,1042.3389233150635,1634.0771027798933,1484.4562196731567,1.2037943604168277,1.0141927104178856,1.5677022763218518,1.4241588666304235
367,367,6,3167.7751001031493,4273.575648284277,3200.1654072137453,2089.784066455034,2987.1666764851093,2596.823716716502,1.3490779847802707,1.010224938983055,1.4294140358493275,1.2426277711656475
368,368,4,1621.6225431738037,2002.3022574906495,1665.6820303259033,1017.5060531415527,1399.5674875011637,1285.274934053421,1.234752357087851,1.0271700016366738,1.37548811938759,1.2631619537644334
369,369,14,14217.17096418176,16158.004038376537,12969.88525362572,9197.006811296058,11294.298548541992,9363.32721072663,1.1365133104950658,0.912269064380079,1.2280406854401775,1.018084187914952
370,370,9,1928.6275513467772,2514.723144415015,1972.0108817972168,1109.1466755432753,1757.697459064495,1521.893722826543,1.3038925751418218,1.0224944056306489,1.584729502257716,1.3721302658921088
371,371,18,27197.822972526956,27017.452139734007,21077.241015935157,17681.096827049965,18885.010929402073,15753.564279642556,0.9933681885871841,0.7749605928836909,1.068090464869253,0.8909834290111168
372,372,8,14225.59970990119,18624.827744311846,13736.956887838513,9659.781809914988,13018.670938806774,10615.18574940566,1.3092472812480966,0.9656504588890846,1.3477189438631167,1.0989053332974899
373,373,13,1951.8631807680908,2712.884634926123,1997.1800531100098,1176.655573029569,1896.1705851077604,1569.7101822284362,1.3898948766780659,1.0232172381693712,1.6114916111140623,1.33404389373422
374,374,6,986.1681266280763,1285.612537487378,1075.7173278243652,543.7078745963964,898.5804880684772,814.839076767041,1.303644381494226,1.0908052073255268,1.6526898543367772,1.4986707289680323
375,375,5,2262.512487701709,2872.262885702246,2328.98011167937,1359.335727032222,2007.6594982242705,1813.852909334676,1.2695014508494182,1.029377793200682,1.4769416107435838,1.334367127460691
376,376,10,3882.2844815598382,4648.0384940978265,3680.3131500238283,2124.98444375243,3248.874388497581,2810.2793113571447,1.1972431479906183,0.947976163906757,1.5288932575715786,1.3224940632480955
377,377,7,7584.355100049109,9646.20658698181,7484.499983462805,5052.285543725819,6742.625230340285,5908.67318379879,1.2718558743273178,0.9868340662760295,1.3345693096688913,1.1695049958402444
378,378,10,3422.4641810708986,4322.2133557304205,3437.4155367410644,1963.632444806803,3021.1226450363633,2636.5210925591323,1.2628951325877684,1.0043685937614364,1.5385377508027498,1.3426754581958098
379,379,7,17775.86610125875,20976.658673913844,17539.777808100793,11639.654531042524,14662.611217947375,12847.868621705133,1.1800639448127053,0.9867186053375345,1.259711890833421,1.1038015421712342
380,380,8,10457.248034809876,13909.338163199634,10525.303721427917,7125.823153226217,9722.543755295746,8343.315088391304,1.3301145881687524,1.006507992006262,1.3644099139471155,1.1708563219975319
381,381,26,25055.210759552658,32098.716891728138,20206.061874594776,16887.32873040628,22436.731313053948,16968.30632493966,1.281119412635156,0.80646146099134,1.3286134042417115,1.0047951689592904
382,382,13,9585.362961533787,12952.680702921998,9105.024964460425,6304.820657458544,9053.787928478478,7414.147179202769,1.3512978856305504,0.9498883872211239,1.4360103832244508,1.175948941613732
383,383,12,2475.1368821226565,3385.404789064526,2534.2174180082766,1406.2463675887002,2366.272586680905,1971.5951250138628,1.3677646733465632,1.0238696034600532,1.682687074767964,1.402026821512485
384,384,7,1858.4025434223631,2623.6626438348635,1953.4317297474365,1188.8258653567136,1833.8670618261692,1578.1264566902912,1.4117838210677578,1.05113487745775,1.5425867784899747,1.3274664546575674
385,385,8,4529.964355405969,6172.527012576952,4545.846787995692,3021.6055620621823,4314.512800682489,3643.167344068791,1.3625994661990621,1.0035060833471612,1.4278874962547807,1.2057057975437422
386,386,6,3767.1787773652345,4737.18201705874,3874.8781146241454,2384.363831828223,3311.22752630966,2979.412261247635,1.2574879762865743,1.028588857504192,1.3887257817405994,1.2495627644893252
387,387,7,1279.6097473325685,1678.7492557362793,1349.0165586484864,708.2185797445027,1173.3726036844594,1032.5646245797084,1.3119228415036253,1.0542406084828604,1.6567944378242179,1.4579744927790752
388,388,20,2483.764790450537,3585.196875147535,2582.140441036475,1542.473156571849,2505.8437564289256,2026.7382889919384,1.4434526525747255,1.0396074744936268,1.6245623113456125,1.3139536855839813
389,389,9,7908.824591774084,9966.887415141235,7896.385968254187,5262.265768500094,6966.760267319724,6124.573477864265,1.2602236020644242,0.9984272475162953,1.3239088586180365,1.1638662407600053
390,390,44,10525.358330629933,15904.29852132935,10356.19093346659,7031.640121689398,11116.645142849211,8528.374374752071,1.511045802122111,0.9839276353498534,1.5809462586914023,1.2128570613911158
391,391,14,6388.196228785253,7789.901239051367,6181.837431218603,3895.1051713380507,5444.994693623306,4715.367713074919,1.2194210947919888,0.9676968599310091,1.3979069766049055,1.2105880343803634
392,392,30,13525.909218429957,18446.855223841674,11972.781030015869,8584.671499723749,12894.038356473344,9767.128500573093,1.3638162822138862,0.8851738420439902,1.5019838973323871,1.1377405065397548
393,393,18,3119.6351102093386,4912.352156931615,3192.9325201977417,2076.0582341657278,3433.546177421599,2631.212451698941,1.5746560041126025,1.0234955074548717,1.6538775844124542,1.26740782527052
394,394,21,33773.86247347676,43530.1133987314,33604.49540860515,22823.241772910977,30427.32977988605,25692.907420929103,1.2888698600261197,0.994985262197813,1.333173003319818,1.1257343578344838
395,395,12,1416.2367026640625,1981.8594398444334,1479.2686293364259,830.3474902847048,1385.1944237680596,1153.522603594585,1.3993843233383134,1.0445066326510215,1.6682105262859432,1.3892046608090207
396,396,6,28381.41352337597,32039.328435005522,26910.757515878693,18431.885116614656,22395.427792414455,19102.605530440807,1.1288841695152625,0.9481824255763023,1.2150372927523854,1.0363891381474355
397,397,7,1694.7444419367675,2177.796126257031,1780.4793561884767,939.6825975541489,1522.2063543464649,1357.0600608251295,1.2850292187819352,1.0505886976998908,1.6199154462459313,1.4441685568694693
398,398,9,7609.067176238795,9868.002447784547,7542.189007882471,5050.404020113584,6897.639659129398,5959.791427519311,1.2968741396579913,0.9912107270434979,1.3657599731940395,1.1800623086359088
399,399,7,2028.302463123535,2633.062025097363,2133.3436391123046,1267.597629139267,1840.4372350358572,1641.9724044799805,1.2981604435082692,1.051787727865305,1.451909653921934,1.2953419655690932
400,400,6,17723.258305319872,19150.835356339845,15884.099005136764,11464.718122182676,13386.371133489552,11407.968312179006,1.080548228007909,0.896229052891981,1.167614501362117,0.9950500475110795
401,401,11,15568.047767330067,20896.263132657325,15593.947894866076,10779.160930480566,14606.372932013874,12496.606205093252,1.3422532770299338,1.001663672152289,1.3550565787278472,1.1593301450538893
402,402,5,6690.267737402856,8228.06770269878,6690.267737402856,4540.9293797973305,5751.367083261647,5158.662239313126,1.229856266692982,1.0,1.2665616666159958,1.1360366585448562
403,403,11,4292.680159089575,5854.123924131177,4290.40595612937,2675.332707004022,4091.9176937404923,3408.265967362553,1.3637456570658564,0.9994702137415504,1.5294986238638097,1.273959668059121
404,404,6,1279.1788447704346,1647.9644918660397,1351.894040479663,702.7478140339756,1151.8644937391618,1028.5055907990582,1.2882987383689797,1.05684521441744,1.639086555285212,1.4635486162456184
405,405,5,2239.3786325580077,2833.0058921602786,2267.7013315234617,1492.086192484967,1980.2188914760352,1774.4905650615692,1.2650857032266043,1.0126475704258646,1.3271477890818872,1.1892681361163708
406,406,4,1050.7678918470947,1279.5194520251464,1115.6620356489746,563.948041330658,894.3422986855772,836.0426487922668,1.2176994195891733,1.0617587807025637,1.5858593933145697,1.48248169604347
407,407,5,886.4888928720702,1172.4283829310057,949.6025464304199,499.8174506902771,819.4752079311728,732.1041140556335,1.3225528174781087,1.0711950866681166,1.639549012943485,1.4647430037597826
408,408,21,5704.070823371704,7877.168249912059,5298.54237558728,3471.9399660758627,5505.921222477327,4297.127735266482,1.3809730793727815,0.9289054325688203,1.5858342241730516,1.2376733979427883
409,409,6,11630.734866986597,14623.784681973559,11309.776499207055,7771.727749560353,10221.962701806719,9026.132556022105,1.2573396994443249,0.9724042916075261,1.3152754485493878,1.1614061695010758
410,410,8,7689.72555002074,9069.070998621728,7718.825623616931,5014.173342109652,6339.197045814187,5812.190249748576,1.179375120689095,1.0037842798688845,1.2642556635561082,1.159152237705282
411,411,8,1915.0671074896482,2730.1905252998777,1955.881239829126,1288.4221355189225,1908.3196250294145,1591.766215731872,1.425636999676073,1.0213121159983676,1.481129183069199,1.2354384264678713
412,412,42,15508.758981590061,24009.43153924095,15167.614178925827,10354.73707249259,16782.15383003984,12769.09244626702,1.5481207469754195,0.9780030882503754,1.6207223527308785,1.2331643340503717
413,413,8,2227.5470935387207,3285.7746263573,2311.243885561426,1460.8156073767734,2296.672886055752,1926.5935454132593,1.4750640450601924,1.037573523031445,1.5721853425292671,1.3188478653188105
414,414,13,2066.986795063257,3129.167132716138,2142.1091162638186,1228.9823911110905,2187.1520367253806,1713.1603840933449,1.5138786276669824,1.0363438805608154,1.7796447309127303,1.3939665828283527
415,415,11,6652.63773564967,8324.904325532227,6317.5636003103145,4058.3131880518645,5818.993147827027,4944.263502475295,1.2513689541400004,0.949632890192745,1.4338452648156395,1.2183050625643603
416,416,22,6298.314944692967,8636.134004715821,6152.382574673438,4018.1526237872445,6036.427868192357,4931.917687977806,1.3711816701057045,0.9768299344664412,1.5022893437290143,1.2274092474191056
417,417,12,2859.693453364868,3716.7153716999023,2765.8493089190674,1599.2076409297413,2597.8586714150324,2152.1339300962845,1.2996901354327388,0.9671838447105655,1.6244661449370634,1.345750154648514
418,418,12,1870.690568314038,2654.71204641875,1924.0467051640135,1105.0864207370537,1855.5183800339062,1521.4940548283164,1.4191080509970777,1.028522160614763,1.6790708357418245,1.376810018001609
419,419,21,5903.04135958163,7959.503540418995,5824.316779353969,3699.4599402988515,5563.473622140074,4553.384299439789,1.3483733308931303,0.986663725454019,1.5038610261828227,1.2308240588954602
420,420,10,1821.7373699129882,2546.2372427187256,1886.253512506372,1047.028782168855,1779.715371690789,1476.9829533579803,1.397697211887541,1.0354146232376324,1.699776932592263,1.4106421700256433
421,421,2,14274.788737297058,15828.466263622828,14274.788737297058,9444.122173377096,11064.076994841955,10490.406258702278,1.1088406669211386,1.0,1.1715304812586498,1.1107868011570887
422,422,25,14751.87277464889,20489.44689744063,13296.178816876003,9869.82294285322,14321.862148011802,11178.609841476917,1.3889386934418095,0.9013214132191746,1.451075893755756,1.132604901445714
423,423,30,5878.610738925427,8485.189519956833,5878.032703707751,3820.276887782002,5930.83416670903,4722.927327767897,1.4434004727974,0.9999016714588963,1.5524618609915437,1.2362788003332295
424,424,20,2912.899193211035,4483.766958277514,2972.652173438623,1924.444473272203,3133.944240639184,2442.538564486655,1.5392798242821555,1.0205132331276179,1.6284929412956377,1.2692174798545983
425,425,9,29475.103684892674,36409.87810616221,29425.43025876963,19790.684124303196,25450.41065134978,21963.941675662994,1.235275658243873,0.9983147327773946,1.285979327015602,1.1098121488731667
426,426,5,2166.851716073071,2585.0231629394775,2133.8577223688476,1176.1752344826966,1806.8789203202948,1622.8669867515564,1.1929857238335844,0.9847733033785913,1.536232754564836,1.3797833342965455
427,427,14,1353.8679417924805,2127.0280493610844,1442.3906033220214,835.8388653741301,1486.646403351398,1165.0943038892615,1.5710749798425416,1.0653850045465585,1.778627992712399,1.3939221447518515
428,428,13,9947.466126852258,13607.457726558889,9889.965108700402,6782.202589980847,9511.47711407586,7957.0382269620895,1.3679320495323755,0.9942195311430478,1.4024171333553044,1.1732233181469385
429,429,23,6147.212826642481,8968.301270242555,6195.030851275904,3994.3243498789757,6268.602353755546,4983.590368175955,1.4589215508162114,1.0077788139083417,1.569377397693174,1.2476679236945174
430,430,5,2093.532533932837,2489.3164416793697,2151.5311349185545,1334.072182178652,1739.97996712108,1612.5702345784573,1.1890507557592271,1.0277037017794814,1.3042622358555942,1.208757858922592
431,431,16,7376.861096929785,10181.072346652223,7262.993194714209,4893.156932974499,7116.402408509908,5894.554589879015,1.3801361057061976,0.9845641797074141,1.4543580976430939,1.2046526752813091
432,432,20,32266.75636928198,39815.53076335745,30588.185556805463,21273.052183735937,27830.84696388444,22586.47648222749,1.2339489692636698,0.9479783219216135,1.3082676958392547,1.06174122486738
433,433,5,707.1288762808106,967.4274511506349,739.632312205835,438.6449578004802,676.1795660822936,601.0409524440765,1.3681062725636113,1.045965363620813,1.5415190669759327,1.3702219568598415
434,434,16,3451.275118055615,5053.568166734496,3485.4426696608393,2254.821897214856,3532.2770403394115,2826.698049166758,1.4642611770636191,1.0098999791197387,1.566543701168798,1.2536236465763795
435,435,5,2793.521791713379,3162.4001366382568,2749.3691109577635,1464.4219955889894,2210.465402106942,2046.7055368423462,1.1320477778333813,0.98419461738706,1.5094456439230786,1.3976200460026298
436,436,17,4513.945888574633,6482.852677835303,4496.055629236254,2792.716307423534,4531.336428637277,3613.8351997310792,1.4361830730501717,0.9960366695170936,1.6225552221656683,1.2940215911386581
437,437,8,4791.193875219568,6423.490767673682,4818.476966686853,3160.419402615482,4489.936453802306,3860.1772365159263,1.3406868799228688,1.0056944244332076,1.4206774107533162,1.2214129660517028
438,438,6,1771.0204412646974,2253.0001745263917,1820.3460667377196,1141.91384952594,1574.7844531795477,1413.9367668628693,1.2721480351279906,1.027851528036457,1.379074659470425,1.2382166723434158
439,439,23,7865.72403328733,11421.311818906006,7643.042307382422,5095.020992134128,7983.256687599295,6215.880985548371,1.4520356639225602,0.9716896086154904,1.5668741502584829,1.2199912414776437
440,440,7,1237.2312440026612,1633.4356494108156,1324.7667657494874,686.2937729288382,1141.6983945333598,1011.4153412384967,1.3202347235641765,1.0707511406385384,1.6635709656245745,1.4737352736309475
441,441,5,1276.078730795825,1611.99721694187,1356.5294159764892,707.3216561297606,1126.733809680767,1034.3212931156158,1.2632427592743825,1.063045236347205,1.5929581682058154,1.46230683615018
442,442,7,1105.8142981884278,1484.5692087870118,1183.8380348797118,620.3232787347175,1037.6407569917212,911.6922677434258,1.3425122203782947,1.0705577209655406,1.6727419275772017,1.4697050699161538
443,443,5,896.8656697135498,1177.361031314038,978.3446125968505,495.7035736217346,822.9231280373126,744.8198997974396,1.3127506950846672,1.090848546928242,1.660111348451313,1.5025509990892312
444,444,10,48231.27575493362,54837.41386656673,44951.7544398005,31228.51523176105,38331.24761279896,31837.83461428142,1.136967932285253,0.9320042593980596,1.2274438066723727,1.0195116347350597
445,445,11,47296.6096510817,55075.48827177671,45261.61335441024,31192.5845457135,38497.65119150632,33173.26528805494,1.164470110607962,0.9569737384627754,1.234192413106617,1.063498449108592
446,446,2,10798.80690574646,12945.62704792339,10798.80690574646,7340.429820927002,9048.97234381365,8333.956091165543,1.1988016047434393,1.0,1.23275783088556,1.1353498765707253
447,447,15,3126.819494094629,4718.22268072976,3226.028378545923,2050.157917318998,3297.8809547197025,2767.72402754081,1.5089526880719164,1.03172836955848,1.6085985020277649,1.3500052869879295
448,448,12,1865.8214807152099,2487.779429963525,1918.3971511955565,1092.3238197606001,1738.832486978104,1479.6549278826747,1.3333426888246058,1.0281782962752648,1.5918653933219147,1.3545936663790452
449,449,11,1065.130783052075,1554.5575864288576,1118.4965299448243,631.0641356305713,1086.5208771393714,884.2321441019604,1.4594992569591843,1.0501025298882383,1.721728134738158,1.4011763530475692
450,450,22,9047.698445277138,12892.26383036594,8945.91484505741,6107.541819026105,9011.462560224198,7503.74182944474,1.4249219189102893,0.9887503323817276,1.475464733152027,1.228602611621785
451,451,4,3772.0203250794675,4676.971854456298,3813.4560050202635,2490.1849877525206,3269.161519632953,2970.3688259124756,1.2399116259687084,1.0109850097215272,1.3128187406605025,1.1928305891014699
452,452,8,2365.9338310846074,3178.324857183545,2426.572373372815,1437.0314862942016,2221.5654972640973,1901.3599270164045,1.3433701380086847,1.0256298555316778,1.545940724648311,1.3231164001281608
453,453,6,3687.160424105249,4671.133038108814,3705.8564642968995,2463.9997536077612,3265.0593106252604,2911.7855839921235,1.2668646060450006,1.005070579535792,1.3251053722081736,1.1817312805038716
454,454,27,33037.30256693367,40105.710308045585,29710.145569364962,21263.199797272297,28033.609318527033,22200.975387397186,1.2139523263677867,0.899290900314035,1.318409721293371,1.0441032205437486
455,455,9,1540.5745477143066,2054.6350954123536,1605.3572808777587,877.1765746780748,1436.0959187972355,1243.6002973425202,1.3336810597453654,1.0420510213280934,1.6371799706624464,1.4177308574375957
456,456,13,5809.241423535303,7316.689961662573,5347.912862118469,3411.319080718915,5114.230421496538,4212.7747662012325,1.259491459938308,0.9205871252745965,1.4991943880015894,1.2349401115868106
457,457,4,666.5304674653321,853.161866719458,734.2399201203614,366.41251574373365,596.3183600593011,554.4207642300073,1.280004303424934,1.1015849326625884,1.6274508496220745,1.51310542191677
458,458,14,8487.943683447387,12133.6472755541,8518.571517982604,5922.976020192894,8481.27319902992,6957.048421908982,1.4295155255584833,1.003608392760068,1.4319276610466016,1.1745866264173077
459,459,14,10589.461390414648,14036.897430573268,10381.086830933375,7136.467786799349,9811.645026764303,8277.04416294515,1.3255534831336337,0.9803224591129923,1.3748601296727427,1.159823656495105
460,460,7,11784.824629447172,14316.42877099148,11656.517207067951,7722.21553626576,10007.110554084642,8460.614462485086,1.214818991469631,0.9891124877617089,1.2958859419409303,1.0956200876227282
461,461,10,8736.803809151379,11179.636121204734,8731.309903792493,5926.069372342233,7814.461169099713,6842.5907867438345,1.2796025143078762,0.9993711767508009,1.3186584020718455,1.15465924490846
462,462,20,14168.322235204907,19258.63532731497,13287.345427720287,9141.18927470263,13461.577085410758,10211.898410932119,1.359274232164331,0.9378206683289853,1.472628635167241,1.1171301790230483
463,463,11,1184.8303533604005,1718.3349570082519,1259.7567297214844,696.651300652389,1201.0012558335684,991.8887739374268,1.4502793181612308,1.0632380628573352,1.7239632721691236,1.42379519425078
464,464,43,9028.266420321934,13598.311798373754,9004.38197352882,6037.834427661543,9504.770891621654,7363.233681639467,1.5061930126214484,0.9973544813941964,1.5742019768009536,1.2195156673899143
465,465,4,853.3615907982667,1038.5809853610597,886.1641197030762,458.93233448221383,725.9263177257806,666.8035612106323,1.2170467906688087,1.038439190676633,1.5817720024996718,1.4529452625362458
466,466,11,10314.175725134875,13631.679533829421,10314.296841312243,6863.757646950308,9528.429039863562,7839.92034319797,1.3216450734507108,1.000011742690894,1.3882234090967964,1.142219866501462
467,467,4,1524.6019817215088,2198.9832617346924,1542.650112614453,1055.077654354555,1537.0475126693502,1292.6900286312928,1.4423326796753235,1.011837929577243,1.4568098436409789,1.2252084226180464
468,468,6,1506.702306250757,1898.9468132119387,1566.7480528785645,835.9531552461688,1327.3011299567454,1196.8271624097144,1.2603331164583094,1.0398524289627087,1.5877697471766659,1.4316916622645879
469,469,5,1076.899207857251,1333.7097774057863,1154.454609935498,578.5500091839036,932.2108944562444,864.9068797394971,1.238472242968329,1.0720173267028044,1.6112883582375377,1.494956124811968
470,470,13,17303.0633333255,23588.469137207758,17183.712173069944,11679.459888319076,16488.20400367622,13175.317661121524,1.3632539327170259,0.9931023103853706,1.4117265833642265,1.1280759373383775
471,471,8,860.4778759405518,1254.4610502152589,929.1321001654053,504.698466944898,876.7847236156659,732.5511137856207,1.4578655480759,1.079786158534071,1.737244673880477,1.451462926408293
472,472,6,1115.5670009339601,1480.089409967627,1187.2727336121825,622.7771698341979,1034.5198167817712,912.4868981838226,1.3267597631773675,1.0642773877482838,1.661139596779361,1.465190026838579
473,473,14,6784.252647784387,9536.769493414868,6598.892943533288,4532.385910303349,6666.055623885794,5344.349062738353,1.40572145356783,0.9726779479075512,1.470760821299888,1.1791469589094763
474,474,10,5413.064125506689,6780.077241808642,5311.310770199707,3364.1541159713165,4739.169487763443,4120.347188845404,1.2525396124277381,0.9812022630902312,1.4087254401527691,1.2247795572991327
475,475,29,16779.436442912815,22327.89477511367,13666.183527378415,10807.329893678116,15606.895344398035,11827.675098863374,1.3306701241771666,0.8144602218241153,1.444102798557809,1.0944123308183755
476,476,14,2162.427988084668,3151.4904028140622,2248.5991676928224,1281.600490699585,2202.74556572543,1769.4889869351196,1.457385133830717,1.0398492713204657,1.7187458819737351,1.3806868831403238
477,477,18,19151.761422119213,23712.901048779833,18672.09785668953,12603.960851042995,16575.1297524603,14346.098148974996,1.2381577091594698,0.9749545979162157,1.3150730907807195,1.1382214145633305
478,478,5,10071.111619195215,13318.187562994799,10071.111619195215,6995.635524391037,9309.360820368564,8061.2498989105225,1.322414850175105,1.0,1.3307383993792237,1.15232559941182
479,479,8,14508.222913029345,19626.905408610135,14508.222913029345,9774.008633293666,13719.123211396083,11012.496020078686,1.3528125068290668,1.0,1.4036332201164614,1.1267123278944426
480,480,5,6587.3335434850715,9339.752430655957,6669.25406398678,4582.366951602716,6528.4346375293135,5639.800530552864,1.4178350570836133,1.0124360668790984,1.424686129784073,1.2307614362006307
481,481,24,10714.087748817907,14650.703735520849,10598.068663350377,6921.64392667311,10240.591206639474,8146.042604156816,1.3674242809087755,0.9891713519445153,1.4795027474869855,1.1768942017900383
482,482,12,4695.429657250501,6860.530809125437,4753.583679198742,3178.7853377311462,4795.385676095484,3922.978863381027,1.4611082073248975,1.0123852397316702,1.5085591402400844,1.2341125450707684
483,483,65,17342.79957415519,25460.347097151134,17402.63884613612,11368.888913434657,17796.103735270295,13827.911701941584,1.468064425716652,1.0034503813369386,1.5653335933505845,1.216294029014664
484,484,19,7977.8061629135755,11403.278453947654,7824.260554424121,5280.466759231329,7970.693157927011,6391.120965865516,1.4293752218445805,0.9807534044630914,1.5094675378824456,1.2103325818106019
485,485,30,14323.608918865742,19368.17836323106,12330.103411977543,9068.978214488314,13538.043217264938,10156.69857939997,1.3521856448985476,0.8608237966995499,1.4927859453490566,1.119938579538536
486,486,6,1667.8883676047851,2280.1477108357913,1740.1670746787597,1096.3659441490784,1593.7605802246178,1374.9052562713623,1.3670865239681822,1.0433354584622305,1.4536757446087785,1.2540568809244312
487,487,4,1240.9065251440675,1501.4740697468505,1333.337986350122,660.9866775733642,1049.4885706266487,993.5619428157806,1.2099816056431258,1.0744870458275038,1.587760549848849,1.503149725291556
488,488,4,819.858582576709,1036.5625256703859,896.286182878833,450.0747663643189,724.5154157939996,677.7672965526581,1.264318685806282,1.0932204674395454,1.609766798629033,1.5058993465188637
489,489,17,10768.459962622728,14741.388454185715,10488.650579506004,7243.372716217725,10304.052909719014,8495.597211721626,1.3689411954311947,0.9740158403255488,1.4225490408147168,1.1728786498450097
490,490,13,8490.927959996436,11951.43025909319,8331.746492852686,5746.479148084519,8353.913899005338,6865.649168020143,1.407552898269815,0.9812527596637605,1.4537447511299086,1.1947575186640464
491,491,8,7052.493682705394,10203.520275748682,7000.207155581372,4902.710385020889,7132.177043197927,5884.111983767195,1.4467960887041205,0.9925860937313219,1.4547416598354788,1.200175315626384
492,492,14,4096.105347795996,5644.015278684912,3881.8326524849363,2573.718129195161,3945.0204101111526,3211.706671235766,1.3778979785570713,0.9476886756766757,1.5328098152476464,1.2478859416668573
493,493,27,4107.882522283423,6034.468680535718,4098.575860795752,2566.7190507378673,4217.811630115269,3261.996120359524,1.4689973843705189,0.9977344382568912,1.6432696943994527,1.2708816414565443
494,494,11,4438.265802536011,6046.317929116528,4358.283042907715,2740.728419033928,4226.2612997452525,3476.1700543436436,1.362315417355509,0.9819788261481334,1.5420211905690955,1.2683380192660423
495,495,6,15991.318838523292,17779.71689484478,15919.810488959693,10417.085779967889,12427.959397251696,11518.345387212974,1.1118355574283976,0.995528301931462,1.1930361004755023,1.105716668798371
496,496,13,1987.1801530072023,2877.374699438452,2034.753873411255,1152.775968433795,2011.1491262818786,1613.331737583298,1.447968718429538,1.0239403157947502,1.7446140285300202,1.3995188846409
497,497,5,7716.410453010632,10148.588380350904,7716.410453010632,5349.466091714862,7093.81101369408,6152.745992302895,1.315195509900764,1.0,1.3260783211021419,1.150160761245339
498,498,6,4573.6352038786135,7193.2158221052,4550.5012444242675,3242.381195969034,5027.995097433934,4084.336293954968,1.5727567900485557,0.9949418879243522,1.5507106640282753,1.259671842111798
499,499,3,5702.96471803291,6587.378881483447,5702.96471803291,3813.789944404593,4604.54649254413,4279.198744297028,1.1550797185635742,1.0,1.2073414004616843,1.1220331498789702
TOTAL,,6032,3954435.7130902004,5066792.822059043,3814111.025505854,,,,1.2812935118117241,0.964514611498213,,
MEAN_OF_PROBLEMS,,,,,,,,,1.3192592812015138,0.9987834671241906,,
